﻿<?xml version="1.0" encoding="utf-8"?>
<deployment>
  <id>92d9a9224ffc4fa0a334442d42b50583</id>
  <author>N/A</author>
  <deployer>OneDeploy</deployer>
  <authorEmail>N/A</authorEmail>
  <message>OneDeploy</message>
  <progress></progress>
  <status>Success</status>
  <statusText></statusText>
  <lastSuccessEndTime>2026-02-20T03:35:57.9307541Z</lastSuccessEndTime>
  <receivedTime>2026-02-20T03:35:48.9337369Z</receivedTime>
  <startTime>2026-02-20T03:35:49.0118586Z</startTime>
  <endTime>2026-02-20T03:35:57.9307541Z</endTime>
  <complete>True</complete>
  <is_temp>False</is_temp>
  <is_readonly>True</is_readonly>
  <project_type>OneDeploy</project_type>
  <vsproject_id></vsproject_id>
</deployment>