﻿<?xml version="1.0" encoding="utf-8"?>
<deployment>
  <id>5b70549d1da54bb9bf3a7f5f5308b0e9</id>
  <author>N/A</author>
  <deployer>OneDeploy</deployer>
  <authorEmail>N/A</authorEmail>
  <message>OneDeploy</message>
  <progress></progress>
  <status>Success</status>
  <statusText></statusText>
  <lastSuccessEndTime>2026-02-20T04:01:31.876195Z</lastSuccessEndTime>
  <receivedTime>2026-02-20T04:01:30.0168512Z</receivedTime>
  <startTime>2026-02-20T04:01:30.1105546Z</startTime>
  <endTime>2026-02-20T04:01:31.876195Z</endTime>
  <complete>True</complete>
  <is_temp>False</is_temp>
  <is_readonly>True</is_readonly>
  <project_type>OneDeploy</project_type>
  <vsproject_id></vsproject_id>
</deployment>