﻿<?xml version="1.0" encoding="utf-8"?>
<deployment>
  <id>744b50af92a6427493c888871482fd4b</id>
  <author>N/A</author>
  <deployer>OneDeploy</deployer>
  <authorEmail>N/A</authorEmail>
  <message>OneDeploy</message>
  <progress></progress>
  <status>Success</status>
  <statusText></statusText>
  <lastSuccessEndTime>2026-02-20T04:07:49.8095103Z</lastSuccessEndTime>
  <receivedTime>2026-02-20T04:07:47.9963599Z</receivedTime>
  <startTime>2026-02-20T04:07:48.1213636Z</startTime>
  <endTime>2026-02-20T04:07:49.8095103Z</endTime>
  <complete>True</complete>
  <is_temp>False</is_temp>
  <is_readonly>True</is_readonly>
  <project_type>OneDeploy</project_type>
  <vsproject_id></vsproject_id>
</deployment>