{"TimeStamp":"2026-02-20T04:11:04Z","SiteName":"chinatracker-api-02192214374","RequestId":"04d3279c-0e12-11f1-a5db-b81ea46e5afc","Kind":"OneDeploy","Status":"Success","Details":"{\"Id\":\"807fafc666d84fd9b7d8c202d92b42ce\",\"Status\":4,\"StatusText\":\"\",\"AuthorEmail\":\"N/A\",\"Author\":\"N/A\",\"Message\":\"OneDeploy\",\"Progress\":\"\",\"Deployer\":\"OneDeploy\",\"ReceivedTime\":\"2026-02-20T04:11:02.6977397Z\",\"StartTime\":\"2026-02-20T04:11:02.8071116Z\",\"EndTime\":\"2026-02-20T04:11:04.6367551Z\",\"LastSuccessEndTime\":\"2026-02-20T04:11:04.6367551Z\",\"Complete\":true,\"IsTemporary\":false,\"IsReadOnly\":true,\"SiteName\":\"chinatracker-api-02192214374\",\"HostName\":\"chinatracker-api-02192214374.scm.azurewebsites.net\",\"ProjectType\":\"OneDeploy\",\"VsProjectId\":null}"}