﻿<?xml version="1.0" encoding="utf-8"?>
<deployment>
  <id>807fafc666d84fd9b7d8c202d92b42ce</id>
  <author>N/A</author>
  <deployer>OneDeploy</deployer>
  <authorEmail>N/A</authorEmail>
  <message>OneDeploy</message>
  <progress></progress>
  <status>Success</status>
  <statusText></statusText>
  <lastSuccessEndTime>2026-02-20T04:11:04.6367551Z</lastSuccessEndTime>
  <receivedTime>2026-02-20T04:11:02.6977397Z</receivedTime>
  <startTime>2026-02-20T04:11:02.8071116Z</startTime>
  <endTime>2026-02-20T04:11:04.6367551Z</endTime>
  <complete>True</complete>
  <is_temp>False</is_temp>
  <is_readonly>True</is_readonly>
  <project_type>OneDeploy</project_type>
  <vsproject_id></vsproject_id>
</deployment>