﻿<?xml version="1.0" encoding="utf-8"?>
<deployment>
  <id>c919f10fdd044ecf86db72f16bada9d8</id>
  <author>N/A</author>
  <deployer>OneDeploy</deployer>
  <authorEmail>N/A</authorEmail>
  <message>OneDeploy</message>
  <progress></progress>
  <status>Success</status>
  <statusText></statusText>
  <lastSuccessEndTime>2026-02-20T03:46:14.6686016Z</lastSuccessEndTime>
  <receivedTime>2026-02-20T03:46:12.6685826Z</receivedTime>
  <startTime>2026-02-20T03:46:12.8092055Z</startTime>
  <endTime>2026-02-20T03:46:14.6686016Z</endTime>
  <complete>True</complete>
  <is_temp>False</is_temp>
  <is_readonly>True</is_readonly>
  <project_type>OneDeploy</project_type>
  <vsproject_id></vsproject_id>
</deployment>