<step title="Incoming Request" date="2026-02-20T03:31:17.549" instance="79e06d" url="/api/publish?type=zip&amp;clean=True" method="POST" type="request" pid="6748,2,7" Cache-Control="no-cache" Connection="Keep-Alive" Content-Length="57145" Content-Type="application/octet-stream" Accept="*/*" Accept-Encoding="gzip, deflate" Authorization="Bea..." Host="chinatracker-api-02192214374.scm.azurewebsites.net" User-Agent="AZURECLI/2.80.0 (MSI)" x-ms-client-request-id="977a36bc-0e0c-11f1-9469-b81ea46e5afc" X-ARR-LOG-ID="977a36bc-0e0c-11f1-9469-b81ea46e5afc" CLIENT-IP="69.236.114.46:59845" X-SITE-DEPLOYMENT-ID="chinatracker-api-02192214374" WAS-DEFAULT-HOSTNAME="chinatracker-api-02192214374.scm.azurewebsites.net" X-Forwarded-Proto="https" X-AppService-Proto="https" X-Forwarded-TlsVersion="1.3" X-WAWS-Unencoded-URL="/api/publish?type=zip&amp;clean=True" X-MS-COLDSTART="1" >
  <step title="OneDeploy" date="2026-02-20T03:31:18.158" >
    <step title="Starting PushDeployAsync" date="2026-02-20T03:31:18.174" /><!-- duration: 16ms -->
    <step title="Updating shutdown sentinel last write time" date="2026-02-20T03:31:18.393" SemaphoreCount="7" /><!-- duration: 0ms -->
    <step title="LockFile &apos;C:\home\site\locks\deployments.lock&apos; acquired" date="2026-02-20T03:31:18.408" /><!-- duration: 0ms -->
    <step title="Saving request content to C:\local\Temp\zipdeploy\zy4ytzod.zip" date="2026-02-20T03:31:18.408" >
      <step title="Total 57,145 bytes written to C:\local\Temp\zipdeploy\zy4ytzod.zip" date="2026-02-20T03:31:18.440" /><!-- duration: 0ms -->
    </step><!-- duration: 31ms -->
    <step title="LockFile &apos;C:\home\site\locks\deployments.lock&apos; released" date="2026-02-20T03:31:18.455" /><!-- duration: 0ms -->
    <step title="Deleting shutdown sentinel file" date="2026-02-20T03:31:18.455" SemaphoreCount="8" /><!-- duration: 0ms -->
    <step title="Starting FetchDeploy" date="2026-02-20T03:31:18.471" /><!-- duration: 0ms -->
    <step title="Attempting to fetch target branch HEAD" date="2026-02-20T03:31:18.471" /><!-- duration: 0ms -->
    <step title="Updating shutdown sentinel last write time" date="2026-02-20T03:31:18.596" SemaphoreCount="7" /><!-- duration: 0ms -->
    <step title="LockFile &apos;C:\home\site\locks\deployments.lock&apos; acquired" date="2026-02-20T03:31:18.611" /><!-- duration: 0ms -->
    <step title="Performing fetch based deployment" date="2026-02-20T03:31:18.611" >
      <step title="Creating temporary deployment" date="2026-02-20T03:31:18.627" /><!-- duration: 31ms -->
      <step title="Fetching changes." date="2026-02-20T03:31:18.721" /><!-- duration: 0ms -->
      <step title="Starting LocalZipHandler" date="2026-02-20T03:31:18.721" /><!-- duration: 16ms -->
      <step title="Starting LocalZipFetch" date="2026-02-20T03:31:18.736" /><!-- duration: 0ms -->
      <step title="Cleaning up temp folders from previous zip deployments and extracting pushed zip file C:\local\Temp\zipdeploy\zy4ytzod.zip (0.05 MB) to C:\local\Temp\zipdeploy\extracted" date="2026-02-20T03:31:18.752" /><!-- duration: 0ms -->
      <step title="Cleaning up temp folders from previous zip deployments and extracting pushed zip file C:\local\Temp\zipdeploy\zy4ytzod.zip (0.05 MB) to C:\local\Temp\zipdeploy\extracted" date="2026-02-20T03:31:18.752" >
        <step title="Extracting 24 entries to C:\local\Temp\zipdeploy\extracted directory" date="2026-02-20T03:31:18.768" >
          <step title="Extracting to C:\local\Temp\zipdeploy\extracted\prisma\dev.db ..." date="2026-02-20T03:31:18.783" /><!-- duration: 0ms -->
          <step title="Extracting to C:\local\Temp\zipdeploy\extracted\prisma\schema.prisma ..." date="2026-02-20T03:31:18.799" /><!-- duration: 0ms -->
          <step title="Extracting to C:\local\Temp\zipdeploy\extracted\prisma\seed.ts ..." date="2026-02-20T03:31:18.799" /><!-- duration: 0ms -->
          <step title="Extracting to C:\local\Temp\zipdeploy\extracted\prisma\migrations\migration_lock.toml ..." date="2026-02-20T03:31:18.815" /><!-- duration: 0ms -->
          <step title="Extracting to C:\local\Temp\zipdeploy\extracted\prisma\migrations\20260220002823_add_exercise_owner\migration.sql ..." date="2026-02-20T03:31:18.815" /><!-- duration: 0ms -->
          <step title="Omitting extracting file traces ..." date="2026-02-20T03:31:18.815" /><!-- duration: 16ms -->
          <step title="Extracting to C:\local\Temp\zipdeploy\extracted\src\services\calculationEngine.ts ..." date="2026-02-20T03:31:18.830" /><!-- duration: 16ms -->
          <step title="Extracting to C:\local\Temp\zipdeploy\extracted\.env ..." date="2026-02-20T03:31:18.846" /><!-- duration: 0ms -->
          <step title="Extracting to C:\local\Temp\zipdeploy\extracted\package-lock.json ..." date="2026-02-20T03:31:18.861" /><!-- duration: 0ms -->
          <step title="Extracting to C:\local\Temp\zipdeploy\extracted\package.json ..." date="2026-02-20T03:31:18.861" /><!-- duration: 0ms -->
          <step title="Extracting to C:\local\Temp\zipdeploy\extracted\tsconfig.json ..." date="2026-02-20T03:31:18.861" /><!-- duration: 16ms -->
        </step><!-- duration: 109ms -->
      </step><!-- duration: 125ms -->
      <step title="None repository commit" date="2026-02-20T03:31:18.877" >
        <step title="Commit id: 0777173199664e4b992560604b403934" date="2026-02-20T03:31:18.893" Message="OneDeploy" AuthorName="N/A" AuthorEmail="N/A" /><!-- duration: 0ms -->
      </step><!-- duration: 16ms -->
      <step title="Before sending BuildRequestReceived status to /api/updatedeploystatus" date="2026-02-20T03:31:18.893" /><!-- duration: 0ms -->
      <step title="DeploymentManager.Deploy(id:0777173199664e4b992560604b403934)" date="2026-02-20T03:31:18.908" >
        <step title="Collecting changeset information" date="2026-02-20T03:31:18.908" /><!-- duration: 31ms -->
        <step title="Updating submodules" date="2026-02-20T03:31:18.940" >
          <step title="Updating submodules." date="2026-02-20T03:31:18.955" /><!-- duration: 16ms -->
        </step><!-- duration: 31ms -->
        <step title="Preparing deployment for commit id &apos;0777173199&apos;." date="2026-02-20T03:31:19.002" /><!-- duration: 0ms -->
        <step title="Determining deployment builder" date="2026-02-20T03:31:19.033" >
          <step title="UseMSBuild16: True" date="2026-02-20T03:31:19.033" /><!-- duration: 0ms -->
          <step title="Builder is NodeSiteBuilder" date="2026-02-20T03:31:19.065" /><!-- duration: 0ms -->
        </step><!-- duration: 31ms -->
        <step title="Copying SSH keys" date="2026-02-20T03:31:19.080" /><!-- duration: 31ms -->
        <step title="Building" date="2026-02-20T03:31:19.112" >
          <step title="Generating deployment script." date="2026-02-20T03:31:19.127" /><!-- duration: 16ms -->
          <step title="Generating deployment script" date="2026-02-20T03:31:19.143" >
            <step title="Using the following command to generate deployment script: &apos;azure site deploymentscript -y --no-dot-deployment -r &quot;C:\local\Temp\zipdeploy\extracted&quot; -o &quot;C:\home\site\deployments\tools&quot; --node --sitePath &quot;C:\local\Temp\zipdeploy\extracted&quot;&apos;." date="2026-02-20T03:31:19.174" /><!-- duration: 16ms -->
            <step title="Executing external process" date="2026-02-20T03:31:19.205" type="process" path="starter.cmd" arguments="&quot;C:\Program Files (x86)\SiteExtensions\Kudu\2025.11.1.1\bin\node_modules\.bin\kuduscript.cmd&quot; -y --no-dot-deployment -r &quot;C:\local\Temp\zipdeploy\extracted&quot; -o &quot;C:\home\site\deployments\tools&quot; --node --sitePath &quot;C:\local\Temp\zipdeploy\extracted&quot;" >
              <step title="Generating deployment script for node.js Web Site" date="2026-02-20T03:31:19.533" /><!-- duration: 0ms -->
              <step title="Generated deployment script files" date="2026-02-20T03:31:19.549" /><!-- duration: 0ms -->
            </step><!-- duration: 344ms -->
            <step title="Saved cached version of the deployment script for command -y --no-dot-deployment -r &quot;C:\local\Temp\zipdeploy\extracted&quot; -o &quot;C:\home\site\deployments\tools&quot; --node --sitePath &quot;C:\local\Temp\zipdeploy\extracted&quot;" date="2026-02-20T03:31:19.565" /><!-- duration: 0ms -->
          </step><!-- duration: 422ms -->
          <step title="Running deployment command..." date="2026-02-20T03:31:19.627" /><!-- duration: 0ms -->
          <step title="Command: &quot;C:\home\site\deployments\tools\deploy.cmd&quot;" date="2026-02-20T03:31:19.643" /><!-- duration: 0ms -->
          <step title="Executing external process" date="2026-02-20T03:31:19.643" type="process" path="starter.cmd" arguments="&quot;C:\home\site\deployments\tools\deploy.cmd&quot;" >
            <step title="Handling node.js deployment." date="2026-02-20T03:31:19.783" /><!-- duration: 0ms -->
            <step title="Creating app_offline.htm" date="2026-02-20T03:31:20.018" /><!-- duration: 0ms -->
            <step title="KuduSync.NET from: &apos;C:\local\Temp\zipdeploy\extracted&apos; to: &apos;C:\home\site\wwwroot&apos;" date="2026-02-20T03:31:20.033" /><!-- duration: 0ms -->
            <step title="Deleting file: &apos;hostingstart.html&apos;" date="2026-02-20T03:31:20.033" /><!-- duration: 0ms -->
            <step title="Copying file: &apos;.env&apos;" date="2026-02-20T03:31:20.049" /><!-- duration: 0ms -->
            <step title="Copying file: &apos;package-lock.json&apos;" date="2026-02-20T03:31:20.065" /><!-- duration: 16ms -->
            <step title="Copying file: &apos;package.json&apos;" date="2026-02-20T03:31:20.080" /><!-- duration: 0ms -->
            <step title="Copying file: &apos;tsconfig.json&apos;" date="2026-02-20T03:31:20.096" /><!-- duration: 0ms -->
            <step title="Copying file: &apos;prisma\dev.db&apos;" date="2026-02-20T03:31:20.096" /><!-- duration: 16ms -->
            <step title="Copying file: &apos;prisma\schema.prisma&apos;" date="2026-02-20T03:31:20.112" /><!-- duration: 0ms -->
            <step title="Copying file: &apos;prisma\seed.ts&apos;" date="2026-02-20T03:31:20.127" /><!-- duration: 0ms -->
            <step title="Copying file: &apos;prisma\migrations\migration_lock.toml&apos;" date="2026-02-20T03:31:20.127" /><!-- duration: 16ms -->
            <step title="Copying file: &apos;prisma\migrations\20260220002823_add_exercise_owner\migration.sql&apos;" date="2026-02-20T03:31:20.143" /><!-- duration: 0ms -->
            <step title="Invalid start-up command &quot;prisma migrate deploy &amp;&amp; node dist/index.js&quot; in package.json. Please use the format &quot;node &lt;script relative path&gt;&quot;." date="2026-02-20T03:31:20.158" /><!-- duration: 0ms -->
>
            <step title="Copying file: &apos;prisma\migrations\20260220004849_add_users_auth\migration.sql&apos;" date="2026-02-20T03:31:20.158" /><!-- duration: 0ms -->
            <step title="Missing server.js/app.js files, web.config is not generated" date="2026-02-20T03:31:20.158" /><!-- duration: 0ms -->
>
            <step title="Copying file: &apos;prisma\migrations\20260220005802_admin\migration.sql&apos;" date="2026-02-20T03:31:20.158" /><!-- duration: 16ms -->
            <step title="Copying file: &apos;prisma\migrations\20260220011943_admin2\migration.sql&apos;" date="2026-02-20T03:31:20.190" /><!-- duration: 0ms -->
            <step title="Copying file: &apos;prisma\migrations\20260220014229_add_exercise_total_budget\migration.sql&apos;" date="2026-02-20T03:31:20.205" /><!-- duration: 0ms -->
            <step title="Copying file: &apos;prisma\migrations\20260220015958_entry_level_travel_details\migration.sql&apos;" date="2026-02-20T03:31:20.205" /><!-- duration: 16ms -->
            <step title="Copying file: &apos;prisma\migrations\20260220030000_add_auth_sessions\migration.sql&apos;" date="2026-02-20T03:31:20.221" /><!-- duration: 0ms -->
            <step title="Copying file: &apos;src\db.ts&apos;" date="2026-02-20T03:31:20.237" /><!-- duration: 0ms -->
            <step title="Copying file: &apos;src\index.ts&apos;" date="2026-02-20T03:31:20.237" /><!-- duration: 16ms -->
            <step title="Copying file: &apos;src\routes\auth.ts&apos;" date="2026-02-20T03:31:20.252" /><!-- duration: 0ms -->
            <step title="Copying file: &apos;src\routes\costLines.ts&apos;" date="2026-02-20T03:31:20.268" /><!-- duration: 0ms -->
            <step title="Copying file: &apos;src\routes\exercises.ts&apos;" date="2026-02-20T03:31:20.283" /><!-- duration: 0ms -->
            <step title="Copying file: &apos;src\routes\personnelGroups.ts&apos;" date="2026-02-20T03:31:20.299" /><!-- duration: 0ms -->
            <step title="Copying file: &apos;src\routes\rates.ts&apos;" date="2026-02-20T03:31:20.315" /><!-- duration: 0ms -->
            <step title="Copying file: &apos;src\services\auth.ts&apos;" date="2026-02-20T03:31:20.315" /><!-- duration: 0ms -->
            <step title="Copying file: &apos;src\services\calculationEngine.ts&apos;" date="2026-02-20T03:31:20.330" /><!-- duration: 0ms -->
            <step title="Deleting app_offline.htm" date="2026-02-20T03:31:20.330" /><!-- duration: 16ms -->
            <step title="Looking for app.js/server.js under site root." date="2026-02-20T03:31:20.346" /><!-- duration: 0ms -->
            <step title="The package.json file does not specify node.js engine version constraints." date="2026-02-20T03:31:20.362" /><!-- duration: 0ms -->
            <step title="The node.js application will run with the default node.js version 20.20.0." date="2026-02-20T03:31:20.362" /><!-- duration: 16ms -->
            <step title="Selected npm version 10.8.2" date="2026-02-20T03:31:20.377" /><!-- duration: 0ms -->
            <step title="npm warn config production Use `--omit=dev` instead." date="2026-02-20T03:31:20.643" /><!-- duration: 0ms -->
            <step title="&gt; china-tracker-server@1.0.0 postinstall" date="2026-02-20T03:31:31.725" /><!-- duration: 0ms -->
            <step title="&gt; prisma generate" date="2026-02-20T03:31:31.725" /><!-- duration: 0ms -->
            <step title="Error: The default query engine type (Node-API, &quot;library&quot;) is currently not supported for 32bit Node. Please set `engineType = &quot;binary&quot;` in the &quot;generator&quot; block of your &quot;schema.prisma&quot; file (or use the environment variables &quot;PRISMA_CLIENT_ENGINE_TYPE=binary&quot; and/or &quot;PRISMA_CLI_QUERY_ENGINE_TYPE=binary&quot;.)" date="2026-02-20T03:31:32.412" /><!-- duration: 0ms -->
            <step title="npm error code 1" date="2026-02-20T03:31:32.428" /><!-- duration: 16ms -->
            <step title="npm error path C:\home\site\wwwroot" date="2026-02-20T03:31:32.443" /><!-- duration: 16ms -->
            <step title="Failed exitCode=1, command=&quot;C:\Program Files (x86)\nodejs\20.20.0\node.exe&quot; &quot;C:\Program Files (x86)\npm\10.8.2\node_modules\npm\bin\npm-cli.js&quot; install --production" date="2026-02-20T03:31:32.490" >
            <step title="npm error command failed" date="2026-02-20T03:31:32.490" /><!-- duration: 0ms -->
            <step title="An error has occurred during web site deployment." date="2026-02-20T03:31:32.490" >
            <step title="npm error command C:\Windows\system32\cmd.exe /d /s /c prisma generate" date="2026-02-20T03:31:32.490" /><!-- duration: 16ms -->
            <step title="npm notice" date="2026-02-20T03:31:32.506" /><!-- duration: 0ms -->
            <step title="npm notice New major version of npm available! 10.8.2 -&gt; 11.10.1" date="2026-02-20T03:31:32.522" /><!-- duration: 0ms -->
            <step title="npm notice Changelog: https://github.com/npm/cli/releases/tag/v11.10.1" date="2026-02-20T03:31:32.537" /><!-- duration: 0ms -->
            <step title="npm notice To update run: npm install -g npm@11.10.1" date="2026-02-20T03:31:32.553" /><!-- duration: 16ms -->
            <step title="npm notice" date="2026-02-20T03:31:32.568" /><!-- duration: 0ms -->
            <step title="npm error A complete log of this run can be found in: C:\local\LocalAppData\npm-cache\_logs\2026-02-20T03_31_20_580Z-debug-0.log" date="2026-02-20T03:31:32.584" /><!-- duration: 0ms -->
            <step title="Process dump" date="2026-02-20T03:31:32.584" exitCode="255" type="processOutput" /><!-- duration: 16ms -->
          </step><!-- duration: 12957ms -->
          <step title="Invalid start-up command &quot;prisma migrate deploy &amp;&amp; node dist/index.js&quot; in package.json. Please use the format &quot;node &lt;script relative path&gt;&quot;.
Missing server.js/app.js files, web.config is not generated
npm warn config production Use `--omit=dev` instead.
Error: The default query engine type (Node-API, &quot;library&quot;) is currently not supported for 32bit Node. Please set `engineType = &quot;binary&quot;` in the &quot;generator&quot; block of your &quot;schema.prisma&quot; file (or use the environment variables &quot;PRISMA_CLIENT_ENGINE_TYPE=binary&quot; and/or &quot;PRISMA_CLI_QUERY_ENGINE_TYPE=binary&quot;.)
npm error code 1
npm error path C:\home\site\wwwroot
npm error command failed
npm error command C:\Windows\system32\cmd.exe /d /s /c prisma generate
npm notice
npm notice New major version of npm available! 10.8.2 -&gt; 11.10.1
npm notice Changelog: https://github.com/npm/cli/releases/tag/v11.10.1
npm notice To update run: npm install -g npm@11.10.1
npm notice
npm error A complete log of this run can be found in: C:\local\LocalAppData\npm-cache\_logs\2026-02-20T03_31_20_580Z-debug-0.log
C:\Program Files (x86)\SiteExtensions\Kudu\2025.11.1.1\bin\Scripts\starter.cmd &quot;C:\home\site\deployments\tools\deploy.cmd&quot; DEPLOYMENTINFO: deploymentPath = OneDeploy, deployer = OneDeploy, os = windows, sku = Free, siteName = chinatracker-api-02192214374, siteHostName = chinatracker-api-02192214374.azurewebsites.net, deploymentStatus = Error" date="2026-02-20T03:31:32.600" /><!-- duration: 0ms -->
          <step title="Error occurred" date="2026-02-20T03:31:32.615" type="error" text="Invalid start-up command &quot;prisma migrate deploy &amp;&amp; node dist/index.js&quot; in package.json. Please use the format &quot;node &lt;script relative path&gt;&quot;.
Missing server.js/app.js files, web.config is not generated
npm warn config production Use `--omit=dev` instead.
Error: The default query engine type (Node-API, &quot;library&quot;) is currently not supported for 32bit Node. Please set `engineType = &quot;binary&quot;` in the &quot;generator&quot; block of your &quot;schema.prisma&quot; file (or use the environment variables &quot;PRISMA_CLIENT_ENGINE_TYPE=binary&quot; and/or &quot;PRISMA_CLI_QUERY_ENGINE_TYPE=binary&quot;.)
npm error code 1
npm error path C:\home\site\wwwroot
npm error command failed
npm error command C:\Windows\system32\cmd.exe /d /s /c prisma generate
npm notice
npm notice New major version of npm available! 10.8.2 -&gt; 11.10.1
npm notice Changelog: https://github.com/npm/cli/releases/tag/v11.10.1
npm notice To update run: npm install -g npm@11.10.1
npm notice
npm error A complete log of this run can be found in: C:\local\LocalAppData\npm-cache\_logs\2026-02-20T03_31_20_580Z-debug-0.log
C:\Program Files (x86)\SiteExtensions\Kudu\2025.11.1.1\bin\Scripts\starter.cmd &quot;C:\home\site\deployments\tools\deploy.cmd&quot;" stackTrace="   at Kudu.Core.Infrastructure.Executable.ExecuteInternal(ITracer tracer, Func`2 onWriteOutput, Func`2 onWriteError, Encoding encoding, String arguments, Object[] args)
   at Kudu.Core.Infrastructure.Executable.ExecuteWithProgressWriter(ILogger logger, ITracer tracer, String arguments, Object[] args)
   at Kudu.Core.Deployment.Generator.ExternalCommandBuilder.RunCommand(DeploymentContext context, String command, Boolean ignoreManifest, String message)" /><!-- duration: 0ms -->
        </step><!-- duration: 13597ms -->
        <step title="Error occurred" date="2026-02-20T03:31:32.709" type="error" text="Invalid start-up command &quot;prisma migrate deploy &amp;&amp; node dist/index.js&quot; in package.json. Please use the format &quot;node &lt;script relative path&gt;&quot;.
Missing server.js/app.js files, web.config is not generated
npm warn config production Use `--omit=dev` instead.
Error: The default query engine type (Node-API, &quot;library&quot;) is currently not supported for 32bit Node. Please set `engineType = &quot;binary&quot;` in the &quot;generator&quot; block of your &quot;schema.prisma&quot; file (or use the environment variables &quot;PRISMA_CLIENT_ENGINE_TYPE=binary&quot; and/or &quot;PRISMA_CLI_QUERY_ENGINE_TYPE=binary&quot;.)
npm error code 1
npm error path C:\home\site\wwwroot
npm error command failed
npm error command C:\Windows\system32\cmd.exe /d /s /c prisma generate
npm notice
npm notice New major version of npm available! 10.8.2 -&gt; 11.10.1
npm notice Changelog: https://github.com/npm/cli/releases/tag/v11.10.1
npm notice To update run: npm install -g npm@11.10.1
npm notice
npm error A complete log of this run can be found in: C:\local\LocalAppData\npm-cache\_logs\2026-02-20T03_31_20_580Z-debug-0.log
C:\Program Files (x86)\SiteExtensions\Kudu\2025.11.1.1\bin\Scripts\starter.cmd &quot;C:\home\site\deployments\tools\deploy.cmd&quot;" stackTrace="   at Kudu.Core.Infrastructure.Executable.ExecuteInternal(ITracer tracer, Func`2 onWriteOutput, Func`2 onWriteError, Encoding encoding, String arguments, Object[] args)
   at Kudu.Core.Infrastructure.Executable.ExecuteWithProgressWriter(ILogger logger, ITracer tracer, String arguments, Object[] args)
   at Kudu.Core.Deployment.Generator.ExternalCommandBuilder.RunCommand(DeploymentContext context, String command, Boolean ignoreManifest, String message)
   at Kudu.Core.Deployment.Generator.GeneratorSiteBuilder.Build(DeploymentContext context)
--- End of stack trace from previous location where exception was thrown ---
   at System.Runtime.CompilerServices.TaskAwaiter.ThrowForNonSuccess(Task task)
   at System.Runtime.CompilerServices.TaskAwaiter.HandleNonSuccessAndDebuggerNotification(Task task)
   at System.Runtime.CompilerServices.TaskAwaiter.ValidateEnd(Task task)
   at Kudu.Core.Deployment.DeploymentManager.&lt;Build&gt;d__38.MoveNext()" /><!-- duration: 0ms -->
        <step title="Deployment Failed. DEPLOYMENTINFO: deploymentPath = OneDeploy, deployer = OneDeploy, os = windows, sku = Free, siteName = chinatracker-api-02192214374, siteHostName = chinatracker-api-02192214374.azurewebsites.net, deploymentStatus = Failed" date="2026-02-20T03:31:32.725" /><!-- duration: 0ms -->
      </step><!-- duration: 13832ms -->
      <step title="Cleaning up temp files" date="2026-02-20T03:31:32.740" /><!-- duration: 0ms -->
    </step><!-- duration: 14160ms -->
    <step title="LockFile &apos;C:\home\site\locks\deployments.lock&apos; released" date="2026-02-20T03:31:32.787" /><!-- duration: 0ms -->
    <step title="Deleting shutdown sentinel file" date="2026-02-20T03:31:32.803" SemaphoreCount="8" /><!-- duration: 0ms -->
  </step><!-- duration: 14644ms -->
  <step title="Outgoing response" date="2026-02-20T03:31:32.834" type="response" statusCode="200" statusText="OK" Server="Microsoft-IIS/10.0" x-ms-request-id="977a36bc-0e0c-11f1-9469-b81ea46e5afc" Cache-Control="private" X-AspNet-Version="4.0.30319" /><!-- duration: 16ms -->
</step><!-- duration: 15301ms -->
