<step title="Incoming Request" date="2026-02-20T03:39:16.725" instance="79e06d" url="/api/publish?type=zip" method="POST" type="request" pid="8956,2,12" Cache-Control="no-cache" Content-Length="75472227" Content-Type="application/octet-stream" Accept="*/*" Accept-Encoding="gzip, deflate" Authorization="Bea..." Host="chinatracker-api-02192214374.scm.azurewebsites.net" User-Agent="AZURECLI/2.80.0 (MSI)" x-ms-client-request-id="b74e3a5b-0e0d-11f1-b0a4-b81ea46e5afc" X-ARR-LOG-ID="b74e3a5b-0e0d-11f1-b0a4-b81ea46e5afc" CLIENT-IP="69.236.114.46:58056" X-SITE-DEPLOYMENT-ID="chinatracker-api-02192214374" WAS-DEFAULT-HOSTNAME="chinatracker-api-02192214374.scm.azurewebsites.net" X-Forwarded-Proto="https" X-AppService-Proto="https" X-Forwarded-TlsVersion="1.3" X-WAWS-Unencoded-URL="/api/publish?type=zip" >
  <step title="Cleanup Xml Logs" date="2026-02-20T03:39:16.725" /><!-- duration: 0ms -->
  <step title="OneDeploy" date="2026-02-20T03:39:16.740" >
    <step title="Starting PushDeployAsync" date="2026-02-20T03:39:16.756" /><!-- duration: 0ms -->
    <step title="Updating shutdown sentinel last write time" date="2026-02-20T03:39:16.756" SemaphoreCount="7" /><!-- duration: 0ms -->
    <step title="LockFile &apos;C:\home\site\locks\deployments.lock&apos; acquired" date="2026-02-20T03:39:16.771" /><!-- duration: 0ms -->
    <step title="Saving request content to C:\local\Temp\zipdeploy\4gbg13ub.zip" date="2026-02-20T03:39:16.787" >
      <step title="Writing 58,519,552 bytes to C:\local\Temp\zipdeploy\4gbg13ub.zip" date="2026-02-20T03:39:46.790" /><!-- duration: 16ms -->
      <step title="Total 75,472,227 bytes written to C:\local\Temp\zipdeploy\4gbg13ub.zip" date="2026-02-20T03:39:56.134" /><!-- duration: 0ms -->
    </step><!-- duration: 39347ms -->
    <step title="LockFile &apos;C:\home\site\locks\deployments.lock&apos; released" date="2026-02-20T03:39:56.134" /><!-- duration: 0ms -->
    <step title="Deleting shutdown sentinel file" date="2026-02-20T03:39:56.150" SemaphoreCount="8" /><!-- duration: 0ms -->
    <step title="Starting FetchDeploy" date="2026-02-20T03:39:56.150" /><!-- duration: 0ms -->
    <step title="Attempting to fetch target branch HEAD" date="2026-02-20T03:39:56.165" /><!-- duration: 0ms -->
    <step title="Updating shutdown sentinel last write time" date="2026-02-20T03:39:56.165" SemaphoreCount="7" /><!-- duration: 0ms -->
    <step title="LockFile &apos;C:\home\site\locks\deployments.lock&apos; acquired" date="2026-02-20T03:39:56.181" /><!-- duration: 0ms -->
    <step title="Performing fetch based deployment" date="2026-02-20T03:39:56.181" >
      <step title="Creating temporary deployment" date="2026-02-20T03:39:56.181" /><!-- duration: 16ms -->
      <step title="Fetching changes." date="2026-02-20T03:39:56.228" /><!-- duration: 16ms -->
      <step title="Starting LocalZipHandler" date="2026-02-20T03:39:56.243" /><!-- duration: 0ms -->
      <step title="Starting LocalZipFetch" date="2026-02-20T03:39:56.243" /><!-- duration: 0ms -->
      <step title="Cleaning up temp folders from previous zip deployments and extracting pushed zip file C:\local\Temp\zipdeploy\4gbg13ub.zip (71.98 MB) to C:\local\Temp\zipdeploy\extracted" date="2026-02-20T03:39:56.259" /><!-- duration: 0ms -->
      <step title="Cleaning up temp folders from previous zip deployments and extracting pushed zip file C:\local\Temp\zipdeploy\4gbg13ub.zip (71.98 MB) to C:\local\Temp\zipdeploy\extracted" date="2026-02-20T03:39:56.259" >
        <step title="Renaming extractTargetDirectory(C:\local\Temp\zipdeploy\extracted) to tempDirectory(C:\local\Temp\zipdeploy\lkqyzmhz.dmh)" date="2026-02-20T03:39:56.275" /><!-- duration: 0ms -->
        <step title="Extracting 1376 entries to C:\local\Temp\zipdeploy\extracted directory" date="2026-02-20T03:39:56.290" >
          <step title="Extracting to C:\local\Temp\zipdeploy\extracted\dist\db.d.ts ..." date="2026-02-20T03:39:56.290" /><!-- duration: 0ms -->
          <step title="Extracting to C:\local\Temp\zipdeploy\extracted\dist\db.d.ts.map ..." date="2026-02-20T03:39:56.290" /><!-- duration: 16ms -->
          <step title="Extracting to C:\local\Temp\zipdeploy\extracted\dist\db.js ..." date="2026-02-20T03:39:56.306" /><!-- duration: 0ms -->
          <step title="Extracting to C:\local\Temp\zipdeploy\extracted\dist\db.js.map ..." date="2026-02-20T03:39:56.306" /><!-- duration: 16ms -->
          <step title="Extracting to C:\local\Temp\zipdeploy\extracted\dist\index.d.ts ..." date="2026-02-20T03:39:56.321" /><!-- duration: 0ms -->
          <step title="Omitting extracting file traces ..." date="2026-02-20T03:39:56.321" /><!-- duration: 0ms -->
        </step><!-- duration: 3328ms -->
      </step><!-- duration: 3375ms -->
      <step title="None repository commit" date="2026-02-20T03:39:59.634" >
        <step title="Commit id: c9df5521f59b4fa8a8525640dd6f8e40" date="2026-02-20T03:39:59.634" Message="OneDeploy" AuthorName="N/A" AuthorEmail="N/A" /><!-- duration: 0ms -->
      </step><!-- duration: 0ms -->
      <step title="Before sending BuildRequestReceived status to /api/updatedeploystatus" date="2026-02-20T03:39:59.634" /><!-- duration: 0ms -->
      <step title="DeploymentManager.Deploy(id:c9df5521f59b4fa8a8525640dd6f8e40)" date="2026-02-20T03:39:59.650" >
        <step title="Collecting changeset information" date="2026-02-20T03:39:59.650" /><!-- duration: 31ms -->
        <step title="Updating submodules" date="2026-02-20T03:39:59.681" >
          <step title="Updating submodules." date="2026-02-20T03:39:59.712" /><!-- duration: 0ms -->
        </step><!-- duration: 31ms -->
        <step title="Preparing deployment for commit id &apos;c9df5521f5&apos;." date="2026-02-20T03:39:59.760" /><!-- duration: 0ms -->
        <step title="Determining deployment builder" date="2026-02-20T03:39:59.791" >
          <step title="Builder is OneDeployBuilder" date="2026-02-20T03:39:59.806" /><!-- duration: 0ms -->
        </step><!-- duration: 16ms -->
        <step title="Copying SSH keys" date="2026-02-20T03:39:59.806" /><!-- duration: 16ms -->
        <step title="Building" date="2026-02-20T03:39:59.822" >
          <step title="Running build. Project type: OneDeploy" date="2026-02-20T03:39:59.838" /><!-- duration: 0ms -->
          <step title="Copying the manifest" date="2026-02-20T03:39:59.869" /><!-- duration: 0ms -->
          <step title="Clean deploying to C:\home\site\wwwroot" date="2026-02-20T03:39:59.916" /><!-- duration: 0ms -->
          <step title="Generating deployment script." date="2026-02-20T03:39:59.931" /><!-- duration: 16ms -->
          <step title="Generating deployment script" date="2026-02-20T03:39:59.947" >
            <step title="Using cached version of the deployment script for command: -y --no-dot-deployment -r &quot;C:\local\Temp\zipdeploy\extracted&quot; -o &quot;C:\home\site\deployments\tools&quot; --basic --sitePath &quot;C:\local\Temp\zipdeploy\extracted&quot;" date="2026-02-20T03:39:59.963" /><!-- duration: 0ms -->
            <step title="Using cached version of deployment script (command: &apos;azure -y --no-dot-deployment -r &quot;C:\local\Temp\zipdeploy\extracted&quot; -o &quot;C:\home\site\deployments\tools&quot; --basic --sitePath &quot;C:\local\Temp\zipdeploy\extracted&quot;&apos;)." date="2026-02-20T03:39:59.978" /><!-- duration: 0ms -->
          </step><!-- duration: 47ms -->
          <step title="Running deployment command..." date="2026-02-20T03:40:00.025" /><!-- duration: 0ms -->
          <step title="Command: &quot;C:\home\site\deployments\tools\deploy.cmd&quot;" date="2026-02-20T03:40:00.041" /><!-- duration: 0ms -->
          <step title="Executing external process" date="2026-02-20T03:40:00.041" type="process" path="starter.cmd" arguments="&quot;C:\home\site\deployments\tools\deploy.cmd&quot;" >
            <step title="Handling Basic Web Site deployment." date="2026-02-20T03:40:00.182" /><!-- duration: 0ms -->
            <step title="Creating app_offline.htm" date="2026-02-20T03:40:00.824" /><!-- duration: 0ms -->
            <step title="KuduSync.NET from: &apos;C:\local\Temp\zipdeploy\extracted&apos; to: &apos;C:\home\site\wwwroot&apos;" date="2026-02-20T03:40:00.840" /><!-- duration: 0ms -->
            <step title="Copying file: &apos;web.config&apos;" date="2026-02-20T03:40:00.855" /><!-- duration: 0ms -->
            <step title="Deleting app_offline.htm" date="2026-02-20T03:40:00.855" /><!-- duration: 0ms -->
            <step title="Finished successfully." date="2026-02-20T03:40:00.886" /><!-- duration: 0ms -->
          </step><!-- duration: 846ms -->
          <step title="Build completed succesfully." date="2026-02-20T03:40:00.918" /><!-- duration: 0ms -->
          <step title="Running post deployment command(s)..." date="2026-02-20T03:40:00.949" /><!-- duration: 0ms -->
          <step title="Requesting site restart" date="2026-02-20T03:40:00.965" /><!-- duration: 0ms -->
          <step title="Requesting site restart" date="2026-02-20T03:40:00.980" /><!-- duration: 0ms -->
          <step title="Requesting site restart. Attempt #1" date="2026-02-20T03:40:01.011" /><!-- duration: 0ms -->
          <step title="Requesting site restart. Attempt #1" date="2026-02-20T03:40:01.011" /><!-- duration: 0ms -->
          <step title="Successfully requested a restart. Attempt #1" date="2026-02-20T03:40:01.121" /><!-- duration: 0ms -->
          <step title="Successfully requested a restart. Attempt #1" date="2026-02-20T03:40:01.121" /><!-- duration: 0ms -->
          <step title="Deployment successful. DEPLOYMENTINFO: deploymentPath = OneDeploy, deployer = OneDeploy, os = windows, sku = Free, siteName = chinatracker-api-02192214374, siteHostName = chinatracker-api-02192214374.azurewebsites.net, deploymentStatus = Success" date="2026-02-20T03:40:01.168" /><!-- duration: 0ms -->
        </step><!-- duration: 1408ms -->
      </step><!-- duration: 1581ms -->
      <step title="Cleaning up temp files" date="2026-02-20T03:40:01.230" /><!-- duration: 0ms -->
      <step title="Skip function trigger and logicapp sync because function is not enabled." date="2026-02-20T03:40:01.246" /><!-- duration: 0ms -->
    </step><!-- duration: 5096ms -->
    <step title="LockFile &apos;C:\home\site\locks\deployments.lock&apos; released" date="2026-02-20T03:40:01.277" /><!-- duration: 16ms -->
    <step title="Deleting shutdown sentinel file" date="2026-02-20T03:40:01.293" SemaphoreCount="8" /><!-- duration: 0ms -->
  </step><!-- duration: 44552ms -->
  <step title="Outgoing response" date="2026-02-20T03:40:01.293" type="response" statusCode="200" statusText="OK" Server="Microsoft-IIS/10.0" x-ms-request-id="b74e3a5b-0e0d-11f1-b0a4-b81ea46e5afc" Cache-Control="private" X-AspNet-Version="4.0.30319" /><!-- duration: 0ms -->
</step><!-- duration: 44568ms -->
