<step title="Incoming Request" date="2026-02-20T03:56:59.903" instance="79e06d" url="/api/publish?type=zip" method="POST" type="request" pid="1508,2,7" Cache-Control="no-cache" Connection="Keep-Alive" Content-Length="101734874" Content-Type="application/octet-stream" Accept="*/*" Accept-Encoding="gzip, deflate" Authorization="Bea..." Host="chinatracker-api-02192214374.scm.azurewebsites.net" User-Agent="AZURECLI/2.80.0 (MSI)" x-ms-client-request-id="2fd73efc-0e10-11f1-898a-b81ea46e5afc" X-ARR-LOG-ID="2fd73efc-0e10-11f1-898a-b81ea46e5afc" CLIENT-IP="69.236.114.46:65147" X-SITE-DEPLOYMENT-ID="chinatracker-api-02192214374" WAS-DEFAULT-HOSTNAME="chinatracker-api-02192214374.scm.azurewebsites.net" X-Forwarded-Proto="https" X-AppService-Proto="https" X-Forwarded-TlsVersion="1.3" X-WAWS-Unencoded-URL="/api/publish?type=zip" X-MS-COLDSTART="1" >
  <step title="OneDeploy" date="2026-02-20T03:57:00.513" >
    <step title="Starting PushDeployAsync" date="2026-02-20T03:57:00.544" /><!-- duration: 0ms -->
    <step title="Updating shutdown sentinel last write time" date="2026-02-20T03:57:00.607" SemaphoreCount="7" /><!-- duration: 0ms -->
    <step title="LockFile &apos;C:\home\site\locks\deployments.lock&apos; acquired" date="2026-02-20T03:57:00.607" /><!-- duration: 0ms -->
    <step title="Saving request content to C:\local\Temp\zipdeploy\dxjdaape.zip" date="2026-02-20T03:57:00.622" >
      <step title="Writing 68,120,576 bytes to C:\local\Temp\zipdeploy\dxjdaape.zip" date="2026-02-20T03:57:30.634" /><!-- duration: 0ms -->
      <step title="Total 101,734,874 bytes written to C:\local\Temp\zipdeploy\dxjdaape.zip" date="2026-02-20T03:57:47.123" /><!-- duration: 0ms -->
    </step><!-- duration: 46516ms -->
    <step title="LockFile &apos;C:\home\site\locks\deployments.lock&apos; released" date="2026-02-20T03:57:47.138" /><!-- duration: 0ms -->
    <step title="Deleting shutdown sentinel file" date="2026-02-20T03:57:47.138" SemaphoreCount="8" /><!-- duration: 0ms -->
    <step title="Starting FetchDeploy" date="2026-02-20T03:57:47.154" /><!-- duration: 0ms -->
    <step title="Attempting to fetch target branch HEAD" date="2026-02-20T03:57:47.154" /><!-- duration: 0ms -->
    <step title="Updating shutdown sentinel last write time" date="2026-02-20T03:57:47.170" SemaphoreCount="7" /><!-- duration: 0ms -->
    <step title="LockFile &apos;C:\home\site\locks\deployments.lock&apos; acquired" date="2026-02-20T03:57:47.170" /><!-- duration: 0ms -->
    <step title="Performing fetch based deployment" date="2026-02-20T03:57:47.185" >
      <step title="Creating temporary deployment" date="2026-02-20T03:57:47.185" /><!-- duration: 47ms -->
      <step title="Fetching changes." date="2026-02-20T03:57:47.279" /><!-- duration: 0ms -->
      <step title="Starting LocalZipHandler" date="2026-02-20T03:57:47.295" /><!-- duration: 0ms -->
      <step title="Starting LocalZipFetch" date="2026-02-20T03:57:47.310" /><!-- duration: 0ms -->
      <step title="Cleaning up temp folders from previous zip deployments and extracting pushed zip file C:\local\Temp\zipdeploy\dxjdaape.zip (97.02 MB) to C:\local\Temp\zipdeploy\extracted" date="2026-02-20T03:57:47.310" /><!-- duration: 0ms -->
      <step title="Cleaning up temp folders from previous zip deployments and extracting pushed zip file C:\local\Temp\zipdeploy\dxjdaape.zip (97.02 MB) to C:\local\Temp\zipdeploy\extracted" date="2026-02-20T03:57:47.326" >
        <step title="Extracting 1383 entries to C:\local\Temp\zipdeploy\extracted directory" date="2026-02-20T03:57:47.342" >
          <step title="Extracting to C:\local\Temp\zipdeploy\extracted\dist\db.d.ts ..." date="2026-02-20T03:57:47.357" /><!-- duration: 16ms -->
          <step title="Extracting to C:\local\Temp\zipdeploy\extracted\dist\db.d.ts.map ..." date="2026-02-20T03:57:47.373" /><!-- duration: 0ms -->
          <step title="Extracting to C:\local\Temp\zipdeploy\extracted\dist\db.js ..." date="2026-02-20T03:57:47.373" /><!-- duration: 16ms -->
          <step title="Extracting to C:\local\Temp\zipdeploy\extracted\dist\db.js.map ..." date="2026-02-20T03:57:47.388" /><!-- duration: 0ms -->
          <step title="Extracting to C:\local\Temp\zipdeploy\extracted\dist\index.d.ts ..." date="2026-02-20T03:57:47.388" /><!-- duration: 0ms -->
          <step title="Omitting extracting file traces ..." date="2026-02-20T03:57:47.404" /><!-- duration: 0ms -->
        </step><!-- duration: 4250ms -->
      </step><!-- duration: 4281ms -->
      <step title="None repository commit" date="2026-02-20T03:57:51.607" >
        <step title="Commit id: 54d09013bb584521a90fe5b2e7dd8ecc" date="2026-02-20T03:57:51.607" Message="OneDeploy" AuthorName="N/A" AuthorEmail="N/A" /><!-- duration: 0ms -->
      </step><!-- duration: 0ms -->
      <step title="Before sending BuildRequestReceived status to /api/updatedeploystatus" date="2026-02-20T03:57:51.607" /><!-- duration: 16ms -->
      <step title="DeploymentManager.Deploy(id:54d09013bb584521a90fe5b2e7dd8ecc)" date="2026-02-20T03:57:51.623" >
        <step title="Collecting changeset information" date="2026-02-20T03:57:51.638" /><!-- duration: 16ms -->
        <step title="Updating submodules" date="2026-02-20T03:57:51.670" >
          <step title="Updating submodules." date="2026-02-20T03:57:51.685" /><!-- duration: 0ms -->
        </step><!-- duration: 31ms -->
        <step title="Preparing deployment for commit id &apos;54d09013bb&apos;." date="2026-02-20T03:57:51.717" /><!-- duration: 16ms -->
        <step title="Determining deployment builder" date="2026-02-20T03:57:51.764" >
          <step title="Builder is OneDeployBuilder" date="2026-02-20T03:57:51.779" /><!-- duration: 0ms -->
        </step><!-- duration: 16ms -->
        <step title="Copying SSH keys" date="2026-02-20T03:57:51.795" /><!-- duration: 0ms -->
        <step title="Building" date="2026-02-20T03:57:51.810" >
          <step title="Running build. Project type: OneDeploy" date="2026-02-20T03:57:51.826" /><!-- duration: 0ms -->
          <step title="Copying the manifest" date="2026-02-20T03:57:51.857" /><!-- duration: 16ms -->
          <step title="Clean deploying to C:\home\site\wwwroot" date="2026-02-20T03:57:51.904" /><!-- duration: 0ms -->
          <step title="Generating deployment script." date="2026-02-20T03:57:51.920" /><!-- duration: 16ms -->
          <step title="Generating deployment script" date="2026-02-20T03:57:51.935" >
            <step title="Using cached version of the deployment script for command: -y --no-dot-deployment -r &quot;C:\local\Temp\zipdeploy\extracted&quot; -o &quot;C:\home\site\deployments\tools&quot; --basic --sitePath &quot;C:\local\Temp\zipdeploy\extracted&quot;" date="2026-02-20T03:57:51.982" /><!-- duration: 0ms -->
            <step title="Using cached version of deployment script (command: &apos;azure -y --no-dot-deployment -r &quot;C:\local\Temp\zipdeploy\extracted&quot; -o &quot;C:\home\site\deployments\tools&quot; --basic --sitePath &quot;C:\local\Temp\zipdeploy\extracted&quot;&apos;)." date="2026-02-20T03:57:51.998" /><!-- duration: 0ms -->
          </step><!-- duration: 78ms -->
          <step title="Running deployment command..." date="2026-02-20T03:57:52.046" /><!-- duration: 16ms -->
          <step title="Command: &quot;C:\home\site\deployments\tools\deploy.cmd&quot;" date="2026-02-20T03:57:52.061" /><!-- duration: 0ms -->
          <step title="Executing external process" date="2026-02-20T03:57:52.077" type="process" path="starter.cmd" arguments="&quot;C:\home\site\deployments\tools\deploy.cmd&quot;" >
            <step title="Handling Basic Web Site deployment." date="2026-02-20T03:57:52.254" /><!-- duration: 0ms -->
            <step title="Creating app_offline.htm" date="2026-02-20T03:57:52.473" /><!-- duration: 0ms -->
            <step title="KuduSync.NET from: &apos;C:\local\Temp\zipdeploy\extracted&apos; to: &apos;C:\home\site\wwwroot&apos;" date="2026-02-20T03:57:52.473" /><!-- duration: 0ms -->
            <step title="Copying file: &apos;package-lock.json&apos;" date="2026-02-20T03:57:52.489" /><!-- duration: 0ms -->
            <step title="Copying file: &apos;dist\db.d.ts&apos;" date="2026-02-20T03:57:52.489" /><!-- duration: 16ms -->
            <step title="Copying file: &apos;dist\db.d.ts.map&apos;" date="2026-02-20T03:57:52.504" /><!-- duration: 0ms -->
            <step title="Copying file: &apos;dist\db.js&apos;" date="2026-02-20T03:57:52.520" /><!-- duration: 0ms -->
            <step title="Copying file: &apos;dist\db.js.map&apos;" date="2026-02-20T03:57:52.520" /><!-- duration: 0ms -->
            <step title="Copying file: &apos;dist\index.d.ts&apos;" date="2026-02-20T03:57:52.520" /><!-- duration: 16ms -->
            <step title="Copying file: &apos;dist\index.d.ts.map&apos;" date="2026-02-20T03:57:52.535" /><!-- duration: 0ms -->
            <step title="Copying file: &apos;dist\index.js&apos;" date="2026-02-20T03:57:52.535" /><!-- duration: 16ms -->
            <step title="Copying file: &apos;dist\index.js.map&apos;" date="2026-02-20T03:57:52.551" /><!-- duration: 0ms -->
            <step title="Copying file: &apos;dist\routes\auth.d.ts&apos;" date="2026-02-20T03:57:52.551" /><!-- duration: 16ms -->
            <step title="Copying file: &apos;dist\routes\auth.d.ts.map&apos;" date="2026-02-20T03:57:52.567" /><!-- duration: 0ms -->
            <step title="Copying file: &apos;dist\routes\auth.js&apos;" date="2026-02-20T03:57:52.582" /><!-- duration: 0ms -->
            <step title="Copying file: &apos;dist\routes\auth.js.map&apos;" date="2026-02-20T03:57:52.582" /><!-- duration: 16ms -->
            <step title="Copying file: &apos;dist\routes\costLines.d.ts&apos;" date="2026-02-20T03:57:52.614" /><!-- duration: 0ms -->
            <step title="Copying file: &apos;dist\routes\costLines.d.ts.map&apos;" date="2026-02-20T03:57:52.629" /><!-- duration: 0ms -->
            <step title="Copying file: &apos;dist\routes\costLines.js&apos;" date="2026-02-20T03:57:52.645" /><!-- duration: 0ms -->
            <step title="Copying file: &apos;dist\routes\costLines.js.map&apos;" date="2026-02-20T03:57:52.645" /><!-- duration: 0ms -->
            <step title="Copying file: &apos;dist\routes\exercises.d.ts&apos;" date="2026-02-20T03:57:52.660" /><!-- duration: 0ms -->
            <step title="Copying file: &apos;dist\routes\exercises.d.ts.map&apos;" date="2026-02-20T03:57:52.660" /><!-- duration: 0ms -->
            <step title="Copying file: &apos;dist\routes\exercises.js&apos;" date="2026-02-20T03:57:52.676" /><!-- duration: 0ms -->
            <step title="Copying file: &apos;dist\routes\exercises.js.map&apos;" date="2026-02-20T03:57:52.676" /><!-- duration: 0ms -->
            <step title="Copying file: &apos;dist\routes\personnelGroups.d.ts&apos;" date="2026-02-20T03:57:52.692" /><!-- duration: 0ms -->
            <step title="Copying file: &apos;dist\routes\personnelGroups.d.ts.map&apos;" date="2026-02-20T03:57:52.692" /><!-- duration: 0ms -->
            <step title="Copying file: &apos;dist\routes\personnelGroups.js&apos;" date="2026-02-20T03:57:52.707" /><!-- duration: 0ms -->
            <step title="Copying file: &apos;dist\routes\personnelGroups.js.map&apos;" date="2026-02-20T03:57:52.707" /><!-- duration: 0ms -->
            <step title="Copying file: &apos;dist\routes\rates.d.ts&apos;" date="2026-02-20T03:57:52.723" /><!-- duration: 0ms -->
            <step title="Copying file: &apos;dist\routes\rates.d.ts.map&apos;" date="2026-02-20T03:57:52.739" /><!-- duration: 0ms -->
            <step title="Copying file: &apos;dist\routes\rates.js&apos;" date="2026-02-20T03:57:52.739" /><!-- duration: 0ms -->
            <step title="Copying file: &apos;dist\routes\rates.js.map&apos;" date="2026-02-20T03:57:52.754" /><!-- duration: 0ms -->
            <step title="Copying file: &apos;dist\services\auth.d.ts&apos;" date="2026-02-20T03:57:52.754" /><!-- duration: 0ms -->
            <step title="Copying file: &apos;dist\services\auth.d.ts.map&apos;" date="2026-02-20T03:57:52.770" /><!-- duration: 0ms -->
            <step title="Copying file: &apos;dist\services\auth.js&apos;" date="2026-02-20T03:57:52.785" /><!-- duration: 0ms -->
            <step title="Copying file: &apos;dist\services\auth.js.map&apos;" date="2026-02-20T03:57:52.785" /><!-- duration: 0ms -->
            <step title="Copying file: &apos;dist\services\calculationEngine.d.ts&apos;" date="2026-02-20T03:57:52.801" /><!-- duration: 0ms -->
            <step title="Copying file: &apos;dist\services\calculationEngine.d.ts.map&apos;" date="2026-02-20T03:57:52.801" /><!-- duration: 0ms -->
            <step title="Copying file: &apos;dist\services\calculationEngine.js&apos;" date="2026-02-20T03:57:52.817" /><!-- duration: 0ms -->
            <step title="Copying file: &apos;dist\services\calculationEngine.js.map&apos;" date="2026-02-20T03:57:52.832" /><!-- duration: 0ms -->
            <step title="Copying file: &apos;node_modules\.package-lock.json&apos;" date="2026-02-20T03:57:52.848" /><!-- duration: 0ms -->
            <step title="Copying file: &apos;node_modules\.prisma\client\default.d.ts&apos;" date="2026-02-20T03:57:52.864" /><!-- duration: 0ms -->
            <step title="Copying file: &apos;node_modules\.prisma\client\default.js&apos;" date="2026-02-20T03:57:52.864" /><!-- duration: 0ms -->
            <step title="Copying file: &apos;node_modules\.prisma\client\edge.d.ts&apos;" date="2026-02-20T03:57:52.879" /><!-- duration: 0ms -->
            <step title="Copying file: &apos;node_modules\.prisma\client\edge.js&apos;" date="2026-02-20T03:57:52.879" /><!-- duration: 0ms -->
            <step title="Copying file: &apos;node_modules\.prisma\client\index-browser.js&apos;" date="2026-02-20T03:57:52.895" /><!-- duration: 0ms -->
            <step title="Copying file: &apos;node_modules\.prisma\client\index.d.ts&apos;" date="2026-02-20T03:57:52.895" /><!-- duration: 0ms -->
            <step title="Copying file: &apos;node_modules\.prisma\client\index.js&apos;" date="2026-02-20T03:57:52.910" /><!-- duration: 0ms -->
            <step title="Copying file: &apos;node_modules\.prisma\client\package.json&apos;" date="2026-02-20T03:57:52.910" /><!-- duration: 0ms -->
            <step title="Copying file: &apos;node_modules\.prisma\client\schema.prisma&apos;" date="2026-02-20T03:57:52.926" /><!-- duration: 0ms -->
            <step title="Copying file: &apos;node_modules\.prisma\client\wasm.d.ts&apos;" date="2026-02-20T03:57:52.942" /><!-- duration: 0ms -->
            <step title="Omitting next output lines..." date="2026-02-20T03:57:52.942" /><!-- duration: 0ms -->
            <step title="Finished successfully." date="2026-02-20T03:57:52.989" /><!-- duration: 0ms -->
          </step><!-- duration: 927ms -->
          <step title="Build completed succesfully." date="2026-02-20T03:57:53.020" /><!-- duration: 16ms -->
          <step title="Running post deployment command(s)..." date="2026-02-20T03:57:53.067" /><!-- duration: 0ms -->
          <step title="Requesting site restart" date="2026-02-20T03:57:53.114" /><!-- duration: 0ms -->
          <step title="Requesting site restart" date="2026-02-20T03:57:53.129" /><!-- duration: 0ms -->
          <step title="Requesting site restart. Attempt #1" date="2026-02-20T03:57:53.161" /><!-- duration: 0ms -->
          <step title="Requesting site restart. Attempt #1" date="2026-02-20T03:57:53.176" /><!-- duration: 0ms -->
          <step title="Successfully requested a restart. Attempt #1" date="2026-02-20T03:57:53.520" /><!-- duration: 0ms -->
          <step title="Successfully requested a restart. Attempt #1" date="2026-02-20T03:57:53.536" /><!-- duration: 0ms -->
          <step title="Deployment successful. DEPLOYMENTINFO: deploymentPath = OneDeploy, deployer = OneDeploy, os = windows, sku = Free, siteName = chinatracker-api-02192214374, siteHostName = chinatracker-api-02192214374.azurewebsites.net, deploymentStatus = Success" date="2026-02-20T03:57:53.551" /><!-- duration: 0ms -->
        </step><!-- duration: 1835ms -->
      </step><!-- duration: 2038ms -->
      <step title="Cleaning up temp files" date="2026-02-20T03:57:53.661" /><!-- duration: 0ms -->
      <step title="Skip function trigger and logicapp sync because function is not enabled." date="2026-02-20T03:57:53.676" /><!-- duration: 0ms -->
    </step><!-- duration: 6507ms -->
    <step title="LockFile &apos;C:\home\site\locks\deployments.lock&apos; released" date="2026-02-20T03:57:53.770" /><!-- duration: 0ms -->
    <step title="Deleting shutdown sentinel file" date="2026-02-20T03:57:53.770" SemaphoreCount="8" /><!-- duration: 0ms -->
  </step><!-- duration: 53273ms -->
  <step title="Outgoing response" date="2026-02-20T03:57:53.817" type="response" statusCode="200" statusText="OK" Server="Microsoft-IIS/10.0" x-ms-request-id="2fd73efc-0e10-11f1-898a-b81ea46e5afc" Cache-Control="private" X-AspNet-Version="4.0.30319" /><!-- duration: 0ms -->
</step><!-- duration: 53913ms -->
