<step title="Incoming Request" date="2026-02-20T03:49:40.783" instance="79e06d" url="/api/publish?type=zip" method="POST" type="request" pid="7944,2,9" Cache-Control="no-cache" Content-Length="101734250" Content-Type="application/octet-stream" Accept="*/*" Accept-Encoding="gzip, deflate" Authorization="Bea..." Host="chinatracker-api-02192214374.scm.azurewebsites.net" User-Agent="AZURECLI/2.80.0 (MSI)" x-ms-client-request-id="2a664c9a-0e0f-11f1-b7ce-b81ea46e5afc" X-ARR-LOG-ID="2a664c9a-0e0f-11f1-b7ce-b81ea46e5afc" CLIENT-IP="69.236.114.46:58501" X-SITE-DEPLOYMENT-ID="chinatracker-api-02192214374" WAS-DEFAULT-HOSTNAME="chinatracker-api-02192214374.scm.azurewebsites.net" X-Forwarded-Proto="https" X-AppService-Proto="https" X-Forwarded-TlsVersion="1.3" X-WAWS-Unencoded-URL="/api/publish?type=zip" >
  <step title="OneDeploy" date="2026-02-20T03:49:41.048" >
    <step title="Starting PushDeployAsync" date="2026-02-20T03:49:41.080" /><!-- duration: 0ms -->
    <step title="Updating shutdown sentinel last write time" date="2026-02-20T03:49:41.142" SemaphoreCount="7" /><!-- duration: 16ms -->
    <step title="LockFile &apos;C:\home\site\locks\deployments.lock&apos; acquired" date="2026-02-20T03:49:41.158" /><!-- duration: 0ms -->
    <step title="Saving request content to C:\local\Temp\zipdeploy\wh10yend.zip" date="2026-02-20T03:49:41.158" >
      <step title="Writing 62,517,248 bytes to C:\local\Temp\zipdeploy\wh10yend.zip" date="2026-02-20T03:50:11.187" /><!-- duration: 0ms -->
      <step title="Total 101,734,250 bytes written to C:\local\Temp\zipdeploy\wh10yend.zip" date="2026-02-20T03:50:31.939" /><!-- duration: 0ms -->
    </step><!-- duration: 50796ms -->
    <step title="LockFile &apos;C:\home\site\locks\deployments.lock&apos; released" date="2026-02-20T03:50:31.954" /><!-- duration: 0ms -->
    <step title="Deleting shutdown sentinel file" date="2026-02-20T03:50:31.954" SemaphoreCount="8" /><!-- duration: 16ms -->
    <step title="Starting FetchDeploy" date="2026-02-20T03:50:31.970" /><!-- duration: 0ms -->
    <step title="Attempting to fetch target branch HEAD" date="2026-02-20T03:50:31.970" /><!-- duration: 31ms -->
    <step title="Updating shutdown sentinel last write time" date="2026-02-20T03:50:32.001" SemaphoreCount="7" /><!-- duration: 0ms -->
    <step title="LockFile &apos;C:\home\site\locks\deployments.lock&apos; acquired" date="2026-02-20T03:50:32.017" /><!-- duration: 0ms -->
    <step title="Performing fetch based deployment" date="2026-02-20T03:50:32.017" >
      <step title="Creating temporary deployment" date="2026-02-20T03:50:32.017" /><!-- duration: 47ms -->
      <step title="Fetching changes." date="2026-02-20T03:50:32.126" /><!-- duration: 0ms -->
      <step title="Starting LocalZipHandler" date="2026-02-20T03:50:32.126" /><!-- duration: 16ms -->
      <step title="Starting LocalZipFetch" date="2026-02-20T03:50:32.142" /><!-- duration: 0ms -->
      <step title="Cleaning up temp folders from previous zip deployments and extracting pushed zip file C:\local\Temp\zipdeploy\wh10yend.zip (97.02 MB) to C:\local\Temp\zipdeploy\extracted" date="2026-02-20T03:50:32.157" /><!-- duration: 0ms -->
      <step title="Cleaning up temp folders from previous zip deployments and extracting pushed zip file C:\local\Temp\zipdeploy\wh10yend.zip (97.02 MB) to C:\local\Temp\zipdeploy\extracted" date="2026-02-20T03:50:32.157" >
        <step title="Extracting 1383 entries to C:\local\Temp\zipdeploy\extracted directory" date="2026-02-20T03:50:32.189" >
          <step title="Extracting to C:\local\Temp\zipdeploy\extracted\dist\db.d.ts ..." date="2026-02-20T03:50:32.189" /><!-- duration: 16ms -->
          <step title="Extracting to C:\local\Temp\zipdeploy\extracted\dist\db.d.ts.map ..." date="2026-02-20T03:50:32.220" /><!-- duration: 0ms -->
          <step title="Extracting to C:\local\Temp\zipdeploy\extracted\dist\db.js ..." date="2026-02-20T03:50:32.220" /><!-- duration: 0ms -->
          <step title="Extracting to C:\local\Temp\zipdeploy\extracted\dist\db.js.map ..." date="2026-02-20T03:50:32.235" /><!-- duration: 16ms -->
          <step title="Extracting to C:\local\Temp\zipdeploy\extracted\dist\index.d.ts ..." date="2026-02-20T03:50:32.251" /><!-- duration: 0ms -->
          <step title="Omitting extracting file traces ..." date="2026-02-20T03:50:32.251" /><!-- duration: 16ms -->
        </step><!-- duration: 4281ms -->
      </step><!-- duration: 4313ms -->
      <step title="None repository commit" date="2026-02-20T03:50:36.470" >
        <step title="Commit id: 82630771263b47d7b286f286e8d63519" date="2026-02-20T03:50:36.470" Message="OneDeploy" AuthorName="N/A" AuthorEmail="N/A" /><!-- duration: 0ms -->
      </step><!-- duration: 16ms -->
      <step title="Before sending BuildRequestReceived status to /api/updatedeploystatus" date="2026-02-20T03:50:36.486" /><!-- duration: 0ms -->
      <step title="DeploymentManager.Deploy(id:82630771263b47d7b286f286e8d63519)" date="2026-02-20T03:50:36.486" >
        <step title="Collecting changeset information" date="2026-02-20T03:50:36.501" /><!-- duration: 31ms -->
        <step title="Updating submodules" date="2026-02-20T03:50:36.532" >
          <step title="Updating submodules." date="2026-02-20T03:50:36.564" /><!-- duration: 16ms -->
        </step><!-- duration: 47ms -->
        <step title="Preparing deployment for commit id &apos;8263077126&apos;." date="2026-02-20T03:50:36.611" /><!-- duration: 0ms -->
        <step title="Determining deployment builder" date="2026-02-20T03:50:36.642" >
          <step title="Builder is OneDeployBuilder" date="2026-02-20T03:50:36.642" /><!-- duration: 0ms -->
        </step><!-- duration: 16ms -->
        <step title="Copying SSH keys" date="2026-02-20T03:50:36.657" /><!-- duration: 16ms -->
        <step title="Building" date="2026-02-20T03:50:36.673" >
          <step title="Running build. Project type: OneDeploy" date="2026-02-20T03:50:36.704" /><!-- duration: 0ms -->
          <step title="Copying the manifest" date="2026-02-20T03:50:36.736" /><!-- duration: 0ms -->
          <step title="Clean deploying to C:\home\site\wwwroot" date="2026-02-20T03:50:36.767" /><!-- duration: 0ms -->
          <step title="Generating deployment script." date="2026-02-20T03:50:36.798" /><!-- duration: 16ms -->
          <step title="Generating deployment script" date="2026-02-20T03:50:36.829" >
            <step title="Using cached version of the deployment script for command: -y --no-dot-deployment -r &quot;C:\local\Temp\zipdeploy\extracted&quot; -o &quot;C:\home\site\deployments\tools&quot; --basic --sitePath &quot;C:\local\Temp\zipdeploy\extracted&quot;" date="2026-02-20T03:50:36.861" /><!-- duration: 16ms -->
            <step title="Using cached version of deployment script (command: &apos;azure -y --no-dot-deployment -r &quot;C:\local\Temp\zipdeploy\extracted&quot; -o &quot;C:\home\site\deployments\tools&quot; --basic --sitePath &quot;C:\local\Temp\zipdeploy\extracted&quot;&apos;)." date="2026-02-20T03:50:36.892" /><!-- duration: 0ms -->
          </step><!-- duration: 78ms -->
          <step title="Running deployment command..." date="2026-02-20T03:50:36.939" /><!-- duration: 0ms -->
          <step title="Command: &quot;C:\home\site\deployments\tools\deploy.cmd&quot;" date="2026-02-20T03:50:36.939" /><!-- duration: 16ms -->
          <step title="Executing external process" date="2026-02-20T03:50:36.954" type="process" path="starter.cmd" arguments="&quot;C:\home\site\deployments\tools\deploy.cmd&quot;" >
            <step title="Handling Basic Web Site deployment." date="2026-02-20T03:50:37.111" /><!-- duration: 0ms -->
            <step title="Creating app_offline.htm" date="2026-02-20T03:50:37.736" /><!-- duration: 16ms -->
            <step title="KuduSync.NET from: &apos;C:\local\Temp\zipdeploy\extracted&apos; to: &apos;C:\home\site\wwwroot&apos;" date="2026-02-20T03:50:37.751" /><!-- duration: 0ms -->
            <step title="Deleting file: &apos;prisma\chinatracker.db&apos;" date="2026-02-20T03:50:37.767" /><!-- duration: 0ms -->
            <step title="Copying file: &apos;prisma\prisma\prod.db&apos;" date="2026-02-20T03:50:37.782" /><!-- duration: 0ms -->
            <step title="Copying file: &apos;prisma\prisma\prod.db-journal&apos;" date="2026-02-20T03:50:37.782" /><!-- duration: 0ms -->
            <step title="Deleting app_offline.htm" date="2026-02-20T03:50:37.798" /><!-- duration: 0ms -->
            <step title="Finished successfully." date="2026-02-20T03:50:37.798" /><!-- duration: 16ms -->
          </step><!-- duration: 859ms -->
          <step title="Build completed succesfully." date="2026-02-20T03:50:37.845" /><!-- duration: 0ms -->
          <step title="Running post deployment command(s)..." date="2026-02-20T03:50:37.861" /><!-- duration: 16ms -->
          <step title="Requesting site restart" date="2026-02-20T03:50:37.923" /><!-- duration: 0ms -->
          <step title="Requesting site restart" date="2026-02-20T03:50:37.923" /><!-- duration: 16ms -->
          <step title="Requesting site restart. Attempt #1" date="2026-02-20T03:50:37.954" /><!-- duration: 16ms -->
          <step title="Requesting site restart. Attempt #1" date="2026-02-20T03:50:37.970" /><!-- duration: 0ms -->
          <step title="Successfully requested a restart. Attempt #1" date="2026-02-20T03:50:38.329" /><!-- duration: 0ms -->
          <step title="Successfully requested a restart. Attempt #1" date="2026-02-20T03:50:38.345" /><!-- duration: 0ms -->
          <step title="Deployment successful. DEPLOYMENTINFO: deploymentPath = OneDeploy, deployer = OneDeploy, os = windows, sku = Free, siteName = chinatracker-api-02192214374, siteHostName = chinatracker-api-02192214374.azurewebsites.net, deploymentStatus = Success" date="2026-02-20T03:50:38.361" /><!-- duration: 0ms -->
        </step><!-- duration: 1781ms -->
      </step><!-- duration: 1984ms -->
      <step title="Cleaning up temp files" date="2026-02-20T03:50:38.470" /><!-- duration: 0ms -->
      <step title="Skip function trigger and logicapp sync because function is not enabled." date="2026-02-20T03:50:38.470" /><!-- duration: 16ms -->
    </step><!-- duration: 6484ms -->
    <step title="LockFile &apos;C:\home\site\locks\deployments.lock&apos; released" date="2026-02-20T03:50:38.501" /><!-- duration: 0ms -->
    <step title="Deleting shutdown sentinel file" date="2026-02-20T03:50:38.517" SemaphoreCount="8" /><!-- duration: 0ms -->
  </step><!-- duration: 57468ms -->
  <step title="Outgoing response" date="2026-02-20T03:50:38.548" type="response" statusCode="200" statusText="OK" Server="Microsoft-IIS/10.0" x-ms-request-id="2a664c9a-0e0f-11f1-b7ce-b81ea46e5afc" Cache-Control="private" X-AspNet-Version="4.0.30319" /><!-- duration: 0ms -->
</step><!-- duration: 57765ms -->
