<step title="Incoming Request" date="2026-02-20T03:35:09.366" instance="79e06d" url="/api/publish?type=zip" method="POST" type="request" pid="8956,2,8" Cache-Control="no-cache" Content-Length="75471826" Content-Type="application/octet-stream" Accept="*/*" Accept-Encoding="gzip, deflate" Authorization="Bea..." Host="chinatracker-api-02192214374.scm.azurewebsites.net" User-Agent="AZURECLI/2.80.0 (MSI)" x-ms-client-request-id="217ed938-0e0d-11f1-a157-b81ea46e5afc" X-ARR-LOG-ID="217ed938-0e0d-11f1-a157-b81ea46e5afc" CLIENT-IP="69.236.114.46:60159" X-SITE-DEPLOYMENT-ID="chinatracker-api-02192214374" WAS-DEFAULT-HOSTNAME="chinatracker-api-02192214374.scm.azurewebsites.net" X-Forwarded-Proto="https" X-AppService-Proto="https" X-Forwarded-TlsVersion="1.3" X-WAWS-Unencoded-URL="/api/publish?type=zip" >
  <step title="OneDeploy" date="2026-02-20T03:35:09.616" >
    <step title="Starting PushDeployAsync" date="2026-02-20T03:35:09.647" /><!-- duration: 0ms -->
    <step title="Updating shutdown sentinel last write time" date="2026-02-20T03:35:09.678" SemaphoreCount="7" /><!-- duration: 16ms -->
    <step title="LockFile &apos;C:\home\site\locks\deployments.lock&apos; acquired" date="2026-02-20T03:35:09.694" /><!-- duration: 0ms -->
    <step title="Saving request content to C:\local\Temp\zipdeploy\zszyaf2f.zip" date="2026-02-20T03:35:09.709" >
      <step title="Writing 65,548,288 bytes to C:\local\Temp\zipdeploy\zszyaf2f.zip" date="2026-02-20T03:35:39.712" /><!-- duration: 0ms -->
      <step title="Total 75,471,826 bytes written to C:\local\Temp\zipdeploy\zszyaf2f.zip" date="2026-02-20T03:35:45.152" /><!-- duration: 0ms -->
    </step><!-- duration: 35458ms -->
    <step title="LockFile &apos;C:\home\site\locks\deployments.lock&apos; released" date="2026-02-20T03:35:45.168" /><!-- duration: 0ms -->
    <step title="Deleting shutdown sentinel file" date="2026-02-20T03:35:45.183" SemaphoreCount="8" /><!-- duration: 0ms -->
    <step title="Starting FetchDeploy" date="2026-02-20T03:35:45.183" /><!-- duration: 0ms -->
    <step title="Attempting to fetch target branch HEAD" date="2026-02-20T03:35:45.183" /><!-- duration: 16ms -->
    <step title="Updating shutdown sentinel last write time" date="2026-02-20T03:35:45.214" SemaphoreCount="7" /><!-- duration: 0ms -->
    <step title="LockFile &apos;C:\home\site\locks\deployments.lock&apos; acquired" date="2026-02-20T03:35:45.214" /><!-- duration: 0ms -->
    <step title="Performing fetch based deployment" date="2026-02-20T03:35:45.230" >
      <step title="Creating temporary deployment" date="2026-02-20T03:35:45.230" /><!-- duration: 47ms -->
      <step title="Fetching changes." date="2026-02-20T03:35:45.308" /><!-- duration: 16ms -->
      <step title="Starting LocalZipHandler" date="2026-02-20T03:35:45.324" /><!-- duration: 0ms -->
      <step title="Starting LocalZipFetch" date="2026-02-20T03:35:45.339" /><!-- duration: 0ms -->
      <step title="Cleaning up temp folders from previous zip deployments and extracting pushed zip file C:\local\Temp\zipdeploy\zszyaf2f.zip (71.98 MB) to C:\local\Temp\zipdeploy\extracted" date="2026-02-20T03:35:45.339" /><!-- duration: 0ms -->
      <step title="Cleaning up temp folders from previous zip deployments and extracting pushed zip file C:\local\Temp\zipdeploy\zszyaf2f.zip (71.98 MB) to C:\local\Temp\zipdeploy\extracted" date="2026-02-20T03:35:45.355" >
        <step title="Renaming extractTargetDirectory(C:\local\Temp\zipdeploy\extracted) to tempDirectory(C:\local\Temp\zipdeploy\wth5xhab.3yp)" date="2026-02-20T03:35:45.355" /><!-- duration: 0ms -->
        <step title="Extracting 1375 entries to C:\local\Temp\zipdeploy\extracted directory" date="2026-02-20T03:35:45.386" >
          <step title="Extracting to C:\local\Temp\zipdeploy\extracted\dist\db.d.ts ..." date="2026-02-20T03:35:45.386" /><!-- duration: 16ms -->
          <step title="Extracting to C:\local\Temp\zipdeploy\extracted\dist\db.d.ts.map ..." date="2026-02-20T03:35:45.402" /><!-- duration: 0ms -->
          <step title="Extracting to C:\local\Temp\zipdeploy\extracted\dist\db.js ..." date="2026-02-20T03:35:45.402" /><!-- duration: 16ms -->
          <step title="Extracting to C:\local\Temp\zipdeploy\extracted\dist\db.js.map ..." date="2026-02-20T03:35:45.418" /><!-- duration: 0ms -->
          <step title="Extracting to C:\local\Temp\zipdeploy\extracted\dist\index.d.ts ..." date="2026-02-20T03:35:45.418" /><!-- duration: 16ms -->
          <step title="Omitting extracting file traces ..." date="2026-02-20T03:35:45.433" /><!-- duration: 0ms -->
        </step><!-- duration: 3500ms -->
      </step><!-- duration: 3531ms -->
      <step title="None repository commit" date="2026-02-20T03:35:48.886" >
        <step title="Commit id: 92d9a9224ffc4fa0a334442d42b50583" date="2026-02-20T03:35:48.886" Message="OneDeploy" AuthorName="N/A" AuthorEmail="N/A" /><!-- duration: 16ms -->
      </step><!-- duration: 16ms -->
      <step title="Before sending BuildRequestReceived status to /api/updatedeploystatus" date="2026-02-20T03:35:48.902" /><!-- duration: 0ms -->
      <step title="DeploymentManager.Deploy(id:92d9a9224ffc4fa0a334442d42b50583)" date="2026-02-20T03:35:48.918" >
        <step title="Collecting changeset information" date="2026-02-20T03:35:48.918" /><!-- duration: 16ms -->
        <step title="Updating submodules" date="2026-02-20T03:35:48.933" >
          <step title="Updating submodules." date="2026-02-20T03:35:48.964" /><!-- duration: 0ms -->
        </step><!-- duration: 31ms -->
        <step title="Preparing deployment for commit id &apos;92d9a9224f&apos;." date="2026-02-20T03:35:48.996" /><!-- duration: 0ms -->
        <step title="Determining deployment builder" date="2026-02-20T03:35:49.027" >
          <step title="Builder is OneDeployBuilder" date="2026-02-20T03:35:49.027" /><!-- duration: 0ms -->
        </step><!-- duration: 0ms -->
        <step title="Copying SSH keys" date="2026-02-20T03:35:49.110" /><!-- duration: 0ms -->
        <step title="Building" date="2026-02-20T03:35:49.110" >
          <step title="Running build. Project type: OneDeploy" date="2026-02-20T03:35:49.142" /><!-- duration: 0ms -->
          <step title="Copying the manifest" date="2026-02-20T03:35:49.173" /><!-- duration: 0ms -->
          <step title="Clean deploying to C:\home\site\wwwroot" date="2026-02-20T03:35:49.189" /><!-- duration: 0ms -->
          <step title="Generating deployment script." date="2026-02-20T03:35:49.236" /><!-- duration: 0ms -->
          <step title="Generating deployment script" date="2026-02-20T03:35:49.252" >
            <step title="Using the following command to generate deployment script: &apos;azure site deploymentscript -y --no-dot-deployment -r &quot;C:\local\Temp\zipdeploy\extracted&quot; -o &quot;C:\home\site\deployments\tools&quot; --basic --sitePath &quot;C:\local\Temp\zipdeploy\extracted&quot;&apos;." date="2026-02-20T03:35:49.298" /><!-- duration: 16ms -->
            <step title="Executing external process" date="2026-02-20T03:35:49.330" type="process" path="starter.cmd" arguments="&quot;C:\Program Files (x86)\SiteExtensions\Kudu\2025.11.1.1\bin\node_modules\.bin\kuduscript.cmd&quot; -y --no-dot-deployment -r &quot;C:\local\Temp\zipdeploy\extracted&quot; -o &quot;C:\home\site\deployments\tools&quot; --basic --sitePath &quot;C:\local\Temp\zipdeploy\extracted&quot;" >
              <step title="Generating deployment script for Web Site" date="2026-02-20T03:35:49.470" /><!-- duration: 0ms -->
              <step title="Generated deployment script files" date="2026-02-20T03:35:49.486" /><!-- duration: 0ms -->
            </step><!-- duration: 156ms -->
            <step title="Saved cached version of the deployment script for command -y --no-dot-deployment -r &quot;C:\local\Temp\zipdeploy\extracted&quot; -o &quot;C:\home\site\deployments\tools&quot; --basic --sitePath &quot;C:\local\Temp\zipdeploy\extracted&quot;" date="2026-02-20T03:35:49.502" /><!-- duration: 0ms -->
          </step><!-- duration: 250ms -->
          <step title="Running deployment command..." date="2026-02-20T03:35:49.533" /><!-- duration: 0ms -->
          <step title="Command: &quot;C:\home\site\deployments\tools\deploy.cmd&quot;" date="2026-02-20T03:35:49.533" /><!-- duration: 0ms -->
          <step title="Executing external process" date="2026-02-20T03:35:49.548" type="process" path="starter.cmd" arguments="&quot;C:\home\site\deployments\tools\deploy.cmd&quot;" >
            <step title="Handling Basic Web Site deployment." date="2026-02-20T03:35:49.673" /><!-- duration: 16ms -->
            <step title="Creating app_offline.htm" date="2026-02-20T03:35:49.908" /><!-- duration: 0ms -->
            <step title="KuduSync.NET from: &apos;C:\local\Temp\zipdeploy\extracted&apos; to: &apos;C:\home\site\wwwroot&apos;" date="2026-02-20T03:35:49.908" /><!-- duration: 16ms -->
            <step title="Deleting file: &apos;src\db.ts&apos;" date="2026-02-20T03:35:49.923" /><!-- duration: 0ms -->
            <step title="Deleting file: &apos;src\index.ts&apos;" date="2026-02-20T03:35:49.939" /><!-- duration: 0ms -->
            <step title="Deleting file: &apos;src\routes\auth.ts&apos;" date="2026-02-20T03:35:49.939" /><!-- duration: 0ms -->
            <step title="Deleting file: &apos;src\routes\costLines.ts&apos;" date="2026-02-20T03:35:49.955" /><!-- duration: 0ms -->
            <step title="Deleting file: &apos;src\routes\exercises.ts&apos;" date="2026-02-20T03:35:49.955" /><!-- duration: 16ms -->
            <step title="Deleting file: &apos;src\routes\personnelGroups.ts&apos;" date="2026-02-20T03:35:49.970" /><!-- duration: 0ms -->
            <step title="Deleting file: &apos;src\routes\rates.ts&apos;" date="2026-02-20T03:35:49.986" /><!-- duration: 0ms -->
            <step title="Deleting directory: &apos;src\routes&apos;" date="2026-02-20T03:35:49.986" /><!-- duration: 16ms -->
            <step title="Deleting file: &apos;src\services\auth.ts&apos;" date="2026-02-20T03:35:50.002" /><!-- duration: 0ms -->
            <step title="Deleting file: &apos;src\services\calculationEngine.ts&apos;" date="2026-02-20T03:35:50.002" /><!-- duration: 16ms -->
            <step title="Deleting directory: &apos;src\services&apos;" date="2026-02-20T03:35:50.017" /><!-- duration: 0ms -->
            <step title="Deleting directory: &apos;src&apos;" date="2026-02-20T03:35:50.033" /><!-- duration: 0ms -->
            <step title="Deleting file: &apos;.env&apos;" date="2026-02-20T03:35:50.033" /><!-- duration: 0ms -->
            <step title="Deleting file: &apos;tsconfig.json&apos;" date="2026-02-20T03:35:50.048" /><!-- duration: 0ms -->
            <step title="Copying file: &apos;package-lock.json&apos;" date="2026-02-20T03:35:50.048" /><!-- duration: 0ms -->
            <step title="Copying file: &apos;dist\db.d.ts&apos;" date="2026-02-20T03:35:50.064" /><!-- duration: 0ms -->
            <step title="Copying file: &apos;dist\db.d.ts.map&apos;" date="2026-02-20T03:35:50.095" /><!-- duration: 0ms -->
            <step title="Copying file: &apos;dist\db.js&apos;" date="2026-02-20T03:35:50.127" /><!-- duration: 0ms -->
            <step title="Copying file: &apos;dist\db.js.map&apos;" date="2026-02-20T03:35:50.127" /><!-- duration: 16ms -->
            <step title="Copying file: &apos;dist\index.d.ts&apos;" date="2026-02-20T03:35:50.158" /><!-- duration: 0ms -->
            <step title="Copying file: &apos;dist\index.d.ts.map&apos;" date="2026-02-20T03:35:50.158" /><!-- duration: 16ms -->
            <step title="Copying file: &apos;dist\index.js&apos;" date="2026-02-20T03:35:50.189" /><!-- duration: 0ms -->
            <step title="Copying file: &apos;dist\index.js.map&apos;" date="2026-02-20T03:35:50.189" /><!-- duration: 16ms -->
            <step title="Copying file: &apos;dist\public\index.html&apos;" date="2026-02-20T03:35:50.205" /><!-- duration: 16ms -->
            <step title="Copying file: &apos;dist\public\assets\index-DwqkQtCt.js&apos;" date="2026-02-20T03:35:50.220" /><!-- duration: 0ms -->
            <step title="Copying file: &apos;dist\routes\auth.d.ts&apos;" date="2026-02-20T03:35:50.236" /><!-- duration: 0ms -->
            <step title="Copying file: &apos;dist\routes\auth.d.ts.map&apos;" date="2026-02-20T03:35:50.236" /><!-- duration: 31ms -->
            <step title="Copying file: &apos;dist\routes\auth.js&apos;" date="2026-02-20T03:35:50.267" /><!-- duration: 0ms -->
            <step title="Copying file: &apos;dist\routes\auth.js.map&apos;" date="2026-02-20T03:35:50.267" /><!-- duration: 16ms -->
            <step title="Copying file: &apos;dist\routes\costLines.d.ts&apos;" date="2026-02-20T03:35:50.283" /><!-- duration: 0ms -->
            <step title="Copying file: &apos;dist\routes\costLines.d.ts.map&apos;" date="2026-02-20T03:35:50.283" /><!-- duration: 16ms -->
            <step title="Copying file: &apos;dist\routes\costLines.js&apos;" date="2026-02-20T03:35:50.298" /><!-- duration: 0ms -->
            <step title="Copying file: &apos;dist\routes\costLines.js.map&apos;" date="2026-02-20T03:35:50.298" /><!-- duration: 0ms -->
            <step title="Copying file: &apos;dist\routes\exercises.d.ts&apos;" date="2026-02-20T03:35:50.314" /><!-- duration: 0ms -->
            <step title="Copying file: &apos;dist\routes\exercises.d.ts.map&apos;" date="2026-02-20T03:35:50.314" /><!-- duration: 31ms -->
            <step title="Copying file: &apos;dist\routes\exercises.js&apos;" date="2026-02-20T03:35:50.345" /><!-- duration: 0ms -->
            <step title="Copying file: &apos;dist\routes\exercises.js.map&apos;" date="2026-02-20T03:35:50.361" /><!-- duration: 0ms -->
            <step title="Copying file: &apos;dist\routes\personnelGroups.d.ts&apos;" date="2026-02-20T03:35:50.361" /><!-- duration: 0ms -->
            <step title="Copying file: &apos;dist\routes\personnelGroups.d.ts.map&apos;" date="2026-02-20T03:35:50.377" /><!-- duration: 0ms -->
            <step title="Copying file: &apos;dist\routes\personnelGroups.js&apos;" date="2026-02-20T03:35:50.377" /><!-- duration: 16ms -->
            <step title="Copying file: &apos;dist\routes\personnelGroups.js.map&apos;" date="2026-02-20T03:35:50.392" /><!-- duration: 0ms -->
            <step title="Copying file: &apos;dist\routes\rates.d.ts&apos;" date="2026-02-20T03:35:50.392" /><!-- duration: 16ms -->
            <step title="Copying file: &apos;dist\routes\rates.d.ts.map&apos;" date="2026-02-20T03:35:50.408" /><!-- duration: 0ms -->
            <step title="Copying file: &apos;dist\routes\rates.js&apos;" date="2026-02-20T03:35:50.408" /><!-- duration: 16ms -->
            <step title="Copying file: &apos;dist\routes\rates.js.map&apos;" date="2026-02-20T03:35:50.423" /><!-- duration: 0ms -->
            <step title="Copying file: &apos;dist\services\auth.d.ts&apos;" date="2026-02-20T03:35:50.423" /><!-- duration: 0ms -->
            <step title="Copying file: &apos;dist\services\auth.d.ts.map&apos;" date="2026-02-20T03:35:50.439" /><!-- duration: 0ms -->
            <step title="Copying file: &apos;dist\services\auth.js&apos;" date="2026-02-20T03:35:50.439" /><!-- duration: 0ms -->
            <step title="Omitting next output lines..." date="2026-02-20T03:35:50.455" /><!-- duration: 0ms -->
            <step title="Finished successfully." date="2026-02-20T03:35:57.165" /><!-- duration: 0ms -->
          </step><!-- duration: 7647ms -->
          <step title="Build completed succesfully." date="2026-02-20T03:35:57.211" /><!-- duration: 0ms -->
          <step title="Running post deployment command(s)..." date="2026-02-20T03:35:57.243" /><!-- duration: 0ms -->
          <step title="Requesting site restart" date="2026-02-20T03:35:57.274" /><!-- duration: 0ms -->
          <step title="Requesting site restart" date="2026-02-20T03:35:57.274" /><!-- duration: 0ms -->
          <step title="Requesting site restart. Attempt #1" date="2026-02-20T03:35:57.321" /><!-- duration: 0ms -->
          <step title="Requesting site restart. Attempt #1" date="2026-02-20T03:35:57.321" /><!-- duration: 0ms -->
          <step title="Successfully requested a restart. Attempt #1" date="2026-02-20T03:35:57.883" /><!-- duration: 0ms -->
          <step title="Successfully requested a restart. Attempt #1" date="2026-02-20T03:35:57.883" /><!-- duration: 0ms -->
          <step title="Deployment successful. DEPLOYMENTINFO: deploymentPath = OneDeploy, deployer = OneDeploy, os = windows, sku = Free, siteName = chinatracker-api-02192214374, siteHostName = chinatracker-api-02192214374.azurewebsites.net, deploymentStatus = Success" date="2026-02-20T03:35:57.915" /><!-- duration: 0ms -->
          <step title="Purge deployment items" date="2026-02-20T03:35:57.993" >
            <step title="Remove 1d0895b55, Failed, received at 2/20/2026 3:32:58 AM" date="2026-02-20T03:35:58.024" /><!-- duration: 0ms -->
          </step><!-- duration: 31ms -->
        </step><!-- duration: 8960ms -->
      </step><!-- duration: 9153ms -->
      <step title="Cleaning up temp files" date="2026-02-20T03:35:58.071" /><!-- duration: 0ms -->
      <step title="Skip function trigger and logicapp sync because function is not enabled." date="2026-02-20T03:35:58.087" /><!-- duration: 0ms -->
    </step><!-- duration: 12888ms -->
    <step title="LockFile &apos;C:\home\site\locks\deployments.lock&apos; released" date="2026-02-20T03:35:58.118" /><!-- duration: 0ms -->
    <step title="Deleting shutdown sentinel file" date="2026-02-20T03:35:58.118" SemaphoreCount="8" /><!-- duration: 16ms -->
  </step><!-- duration: 48518ms -->
  <step title="Outgoing response" date="2026-02-20T03:35:58.133" type="response" statusCode="200" statusText="OK" Server="Microsoft-IIS/10.0" x-ms-request-id="217ed938-0e0d-11f1-a157-b81ea46e5afc" Cache-Control="private" X-AspNet-Version="4.0.30319" /><!-- duration: 31ms -->
</step><!-- duration: 48815ms -->
