<step title="Incoming Request" date="2026-02-20T03:32:58.364" instance="79e06d" url="/api/zipdeploy?isAsync=true" method="POST" type="request" pid="8636,2,13" Cache-Control="no-cache" Content-Length="57145" Content-Type="application/octet-stream" Accept="*/*" Accept-Encoding="gzip, deflate" Authorization="Bea..." Host="chinatracker-api-02192214374.scm.azurewebsites.net" User-Agent="AZURECLI/2.80.0 (MSI)" x-ms-client-request-id="d6a1109a-0e0c-11f1-ad98-b81ea46e5afc" X-ARR-LOG-ID="d6a1109a-0e0c-11f1-ad98-b81ea46e5afc" CLIENT-IP="69.236.114.46:54294" X-SITE-DEPLOYMENT-ID="chinatracker-api-02192214374" WAS-DEFAULT-HOSTNAME="chinatracker-api-02192214374.scm.azurewebsites.net" X-Forwarded-Proto="https" X-AppService-Proto="https" X-Forwarded-TlsVersion="1.3" X-WAWS-Unencoded-URL="/api/zipdeploy?isAsync=true" >
  <step title="Cleanup Xml Logs" date="2026-02-20T03:32:58.364" /><!-- duration: 16ms -->
  <step title="ZipPushDeploy" date="2026-02-20T03:32:58.473" >
    <step title="ZipDeploy. Extract zip. Remote build. " date="2026-02-20T03:32:58.489" /><!-- duration: 0ms -->
    <step title="Starting PushDeployAsync" date="2026-02-20T03:32:58.504" /><!-- duration: 0ms -->
    <step title="Updating shutdown sentinel last write time" date="2026-02-20T03:32:58.536" SemaphoreCount="7" /><!-- duration: 16ms -->
    <step title="LockFile &apos;C:\home\site\locks\deployments.lock&apos; acquired" date="2026-02-20T03:32:58.567" /><!-- duration: 0ms -->
    <step title="Saving request content to C:\local\Temp\zipdeploy\im1um51o.zip" date="2026-02-20T03:32:58.567" >
      <step title="Total 57,145 bytes written to C:\local\Temp\zipdeploy\im1um51o.zip" date="2026-02-20T03:32:58.598" /><!-- duration: 0ms -->
    </step><!-- duration: 31ms -->
    <step title="LockFile &apos;C:\home\site\locks\deployments.lock&apos; released" date="2026-02-20T03:32:58.598" /><!-- duration: 0ms -->
    <step title="Deleting shutdown sentinel file" date="2026-02-20T03:32:58.614" SemaphoreCount="8" /><!-- duration: 0ms -->
    <step title="Starting FetchDeploy" date="2026-02-20T03:32:58.614" /><!-- duration: 0ms -->
    <step title="Start deployment in the background" date="2026-02-20T03:32:58.629" /><!-- duration: 47ms -->
  </step><!-- duration: 219ms -->
  <step title="Outgoing response" date="2026-02-20T03:32:58.692" type="response" statusCode="202" statusText="Accepted" Server="Microsoft-IIS/10.0" x-ms-request-id="d6a1109a-0e0c-11f1-ad98-b81ea46e5afc" Retry-After="30" Cache-Control="private" X-AspNet-Version="4.0.30319" Location="https://chinatracker-api-02192214374.scm.azurewebsites.net/api/deployments/latest?deployer=ZipDeploy&amp;time=2026-02-20_03-32-58Z" /><!-- duration: 0ms -->
</step><!-- duration: 328ms -->
