<step title="Incoming Request" date="2026-02-20T03:45:15.355" instance="79e06d" url="/api/publish?type=zip" method="POST" type="request" pid="8956,4,36" Cache-Control="no-cache" Content-Length="101727283" Content-Type="application/octet-stream" Accept="*/*" Accept-Encoding="gzip, deflate" Authorization="Bea..." Host="chinatracker-api-02192214374.scm.azurewebsites.net" User-Agent="AZURECLI/2.80.0 (MSI)" x-ms-client-request-id="865bd8c3-0e0e-11f1-b829-b81ea46e5afc" X-ARR-LOG-ID="865bd8c3-0e0e-11f1-b829-b81ea46e5afc" CLIENT-IP="69.236.114.46:57663" X-SITE-DEPLOYMENT-ID="chinatracker-api-02192214374" WAS-DEFAULT-HOSTNAME="chinatracker-api-02192214374.scm.azurewebsites.net" X-Forwarded-Proto="https" X-AppService-Proto="https" X-Forwarded-TlsVersion="1.3" X-WAWS-Unencoded-URL="/api/publish?type=zip" >
  <step title="Cleanup Xml Logs" date="2026-02-20T03:45:15.355" /><!-- duration: 16ms -->
  <step title="OneDeploy" date="2026-02-20T03:45:15.402" >
    <step title="Starting PushDeployAsync" date="2026-02-20T03:45:15.417" /><!-- duration: 0ms -->
    <step title="Updating shutdown sentinel last write time" date="2026-02-20T03:45:15.433" SemaphoreCount="7" /><!-- duration: 0ms -->
    <step title="LockFile &apos;C:\home\site\locks\deployments.lock&apos; acquired" date="2026-02-20T03:45:15.433" /><!-- duration: 0ms -->
    <step title="Saving request content to C:\local\Temp\zipdeploy\krg0brnh.zip" date="2026-02-20T03:45:15.448" >
      <step title="Writing 58,093,568 bytes to C:\local\Temp\zipdeploy\krg0brnh.zip" date="2026-02-20T03:45:45.449" /><!-- duration: 0ms -->
      <step title="Total 101,727,283 bytes written to C:\local\Temp\zipdeploy\krg0brnh.zip" date="2026-02-20T03:46:08.293" /><!-- duration: 0ms -->
    </step><!-- duration: 52845ms -->
    <step title="LockFile &apos;C:\home\site\locks\deployments.lock&apos; released" date="2026-02-20T03:46:08.309" /><!-- duration: 0ms -->
    <step title="Deleting shutdown sentinel file" date="2026-02-20T03:46:08.309" SemaphoreCount="8" /><!-- duration: 16ms -->
    <step title="Starting FetchDeploy" date="2026-02-20T03:46:08.324" /><!-- duration: 0ms -->
    <step title="Attempting to fetch target branch HEAD" date="2026-02-20T03:46:08.324" /><!-- duration: 16ms -->
    <step title="Updating shutdown sentinel last write time" date="2026-02-20T03:46:08.340" SemaphoreCount="7" /><!-- duration: 0ms -->
    <step title="LockFile &apos;C:\home\site\locks\deployments.lock&apos; acquired" date="2026-02-20T03:46:08.340" /><!-- duration: 0ms -->
    <step title="Performing fetch based deployment" date="2026-02-20T03:46:08.356" >
      <step title="Creating temporary deployment" date="2026-02-20T03:46:08.356" /><!-- duration: 31ms -->
      <step title="Fetching changes." date="2026-02-20T03:46:08.434" /><!-- duration: 0ms -->
      <step title="Starting LocalZipHandler" date="2026-02-20T03:46:08.434" /><!-- duration: 16ms -->
      <step title="Starting LocalZipFetch" date="2026-02-20T03:46:08.449" /><!-- duration: 0ms -->
      <step title="Cleaning up temp folders from previous zip deployments and extracting pushed zip file C:\local\Temp\zipdeploy\krg0brnh.zip (97.01 MB) to C:\local\Temp\zipdeploy\extracted" date="2026-02-20T03:46:08.449" /><!-- duration: 16ms -->
      <step title="Cleaning up temp folders from previous zip deployments and extracting pushed zip file C:\local\Temp\zipdeploy\krg0brnh.zip (97.01 MB) to C:\local\Temp\zipdeploy\extracted" date="2026-02-20T03:46:08.465" >
        <step title="Renaming extractTargetDirectory(C:\local\Temp\zipdeploy\extracted) to tempDirectory(C:\local\Temp\zipdeploy\1msfyig4.n3b)" date="2026-02-20T03:46:08.465" /><!-- duration: 0ms -->
        <step title="Extracting 1381 entries to C:\local\Temp\zipdeploy\extracted directory" date="2026-02-20T03:46:08.496" >
          <step title="Extracting to C:\local\Temp\zipdeploy\extracted\dist\db.d.ts ..." date="2026-02-20T03:46:08.496" /><!-- duration: 0ms -->
          <step title="Extracting to C:\local\Temp\zipdeploy\extracted\dist\db.d.ts.map ..." date="2026-02-20T03:46:08.496" /><!-- duration: 0ms -->
          <step title="Extracting to C:\local\Temp\zipdeploy\extracted\dist\db.js ..." date="2026-02-20T03:46:08.512" /><!-- duration: 0ms -->
          <step title="Extracting to C:\local\Temp\zipdeploy\extracted\dist\db.js.map ..." date="2026-02-20T03:46:08.512" /><!-- duration: 0ms -->
          <step title="Extracting to C:\local\Temp\zipdeploy\extracted\dist\index.d.ts ..." date="2026-02-20T03:46:08.512" /><!-- duration: 0ms -->
          <step title="Omitting extracting file traces ..." date="2026-02-20T03:46:08.527" /><!-- duration: 0ms -->
        </step><!-- duration: 4141ms -->
      </step><!-- duration: 4172ms -->
      <step title="None repository commit" date="2026-02-20T03:46:12.637" >
        <step title="Commit id: c919f10fdd044ecf86db72f16bada9d8" date="2026-02-20T03:46:12.637" Message="OneDeploy" AuthorName="N/A" AuthorEmail="N/A" /><!-- duration: 0ms -->
      </step><!-- duration: 0ms -->
      <step title="Before sending BuildRequestReceived status to /api/updatedeploystatus" date="2026-02-20T03:46:12.653" /><!-- duration: 0ms -->
      <step title="DeploymentManager.Deploy(id:c919f10fdd044ecf86db72f16bada9d8)" date="2026-02-20T03:46:12.653" >
        <step title="Collecting changeset information" date="2026-02-20T03:46:12.668" /><!-- duration: 16ms -->
        <step title="Updating submodules" date="2026-02-20T03:46:12.684" >
          <step title="Updating submodules." date="2026-02-20T03:46:12.715" /><!-- duration: 16ms -->
        </step><!-- duration: 62ms -->
        <step title="Preparing deployment for commit id &apos;c919f10fdd&apos;." date="2026-02-20T03:46:12.793" /><!-- duration: 0ms -->
        <step title="Determining deployment builder" date="2026-02-20T03:46:12.824" >
          <step title="Builder is OneDeployBuilder" date="2026-02-20T03:46:12.824" /><!-- duration: 0ms -->
        </step><!-- duration: 0ms -->
        <step title="Copying SSH keys" date="2026-02-20T03:46:12.840" /><!-- duration: 16ms -->
        <step title="Building" date="2026-02-20T03:46:12.856" >
          <step title="Running build. Project type: OneDeploy" date="2026-02-20T03:46:12.871" /><!-- duration: 0ms -->
          <step title="Copying the manifest" date="2026-02-20T03:46:12.902" /><!-- duration: 0ms -->
          <step title="Clean deploying to C:\home\site\wwwroot" date="2026-02-20T03:46:12.934" /><!-- duration: 0ms -->
          <step title="Generating deployment script." date="2026-02-20T03:46:13.012" /><!-- duration: 0ms -->
          <step title="Generating deployment script" date="2026-02-20T03:46:13.027" >
            <step title="Using cached version of the deployment script for command: -y --no-dot-deployment -r &quot;C:\local\Temp\zipdeploy\extracted&quot; -o &quot;C:\home\site\deployments\tools&quot; --basic --sitePath &quot;C:\local\Temp\zipdeploy\extracted&quot;" date="2026-02-20T03:46:13.043" /><!-- duration: 0ms -->
            <step title="Using cached version of deployment script (command: &apos;azure -y --no-dot-deployment -r &quot;C:\local\Temp\zipdeploy\extracted&quot; -o &quot;C:\home\site\deployments\tools&quot; --basic --sitePath &quot;C:\local\Temp\zipdeploy\extracted&quot;&apos;)." date="2026-02-20T03:46:13.059" /><!-- duration: 0ms -->
          </step><!-- duration: 47ms -->
          <step title="Running deployment command..." date="2026-02-20T03:46:13.106" /><!-- duration: 0ms -->
          <step title="Command: &quot;C:\home\site\deployments\tools\deploy.cmd&quot;" date="2026-02-20T03:46:13.121" /><!-- duration: 0ms -->
          <step title="Executing external process" date="2026-02-20T03:46:13.137" type="process" path="starter.cmd" arguments="&quot;C:\home\site\deployments\tools\deploy.cmd&quot;" >
            <step title="Handling Basic Web Site deployment." date="2026-02-20T03:46:13.277" /><!-- duration: 0ms -->
            <step title="Creating app_offline.htm" date="2026-02-20T03:46:13.481" /><!-- duration: 0ms -->
            <step title="KuduSync.NET from: &apos;C:\local\Temp\zipdeploy\extracted&apos; to: &apos;C:\home\site\wwwroot&apos;" date="2026-02-20T03:46:13.481" /><!-- duration: 0ms -->
            <step title="Copying file: &apos;package-lock.json&apos;" date="2026-02-20T03:46:13.496" /><!-- duration: 0ms -->
            <step title="Copying file: &apos;dist\db.d.ts&apos;" date="2026-02-20T03:46:13.496" /><!-- duration: 0ms -->
            <step title="Copying file: &apos;dist\db.d.ts.map&apos;" date="2026-02-20T03:46:13.512" /><!-- duration: 0ms -->
            <step title="Copying file: &apos;dist\db.js&apos;" date="2026-02-20T03:46:13.512" /><!-- duration: 0ms -->
            <step title="Copying file: &apos;dist\db.js.map&apos;" date="2026-02-20T03:46:13.528" /><!-- duration: 0ms -->
            <step title="Copying file: &apos;dist\index.d.ts&apos;" date="2026-02-20T03:46:13.528" /><!-- duration: 0ms -->
            <step title="Copying file: &apos;dist\index.d.ts.map&apos;" date="2026-02-20T03:46:13.543" /><!-- duration: 0ms -->
            <step title="Copying file: &apos;dist\index.js&apos;" date="2026-02-20T03:46:13.543" /><!-- duration: 0ms -->
            <step title="Copying file: &apos;dist\index.js.map&apos;" date="2026-02-20T03:46:13.574" /><!-- duration: 16ms -->
            <step title="Copying file: &apos;dist\routes\auth.d.ts&apos;" date="2026-02-20T03:46:13.590" /><!-- duration: 0ms -->
            <step title="Copying file: &apos;dist\routes\auth.d.ts.map&apos;" date="2026-02-20T03:46:13.621" /><!-- duration: 0ms -->
            <step title="Copying file: &apos;dist\routes\auth.js&apos;" date="2026-02-20T03:46:13.621" /><!-- duration: 0ms -->
            <step title="Copying file: &apos;dist\routes\auth.js.map&apos;" date="2026-02-20T03:46:13.637" /><!-- duration: 0ms -->
            <step title="Copying file: &apos;dist\routes\costLines.d.ts&apos;" date="2026-02-20T03:46:13.637" /><!-- duration: 16ms -->
            <step title="Copying file: &apos;dist\routes\costLines.d.ts.map&apos;" date="2026-02-20T03:46:13.652" /><!-- duration: 0ms -->
            <step title="Copying file: &apos;dist\routes\costLines.js&apos;" date="2026-02-20T03:46:13.652" /><!-- duration: 16ms -->
            <step title="Copying file: &apos;dist\routes\costLines.js.map&apos;" date="2026-02-20T03:46:13.668" /><!-- duration: 0ms -->
            <step title="Copying file: &apos;dist\routes\exercises.d.ts&apos;" date="2026-02-20T03:46:13.668" /><!-- duration: 16ms -->
            <step title="Copying file: &apos;dist\routes\exercises.d.ts.map&apos;" date="2026-02-20T03:46:13.699" /><!-- duration: 0ms -->
            <step title="Copying file: &apos;dist\routes\exercises.js&apos;" date="2026-02-20T03:46:13.731" /><!-- duration: 0ms -->
            <step title="Copying file: &apos;dist\routes\exercises.js.map&apos;" date="2026-02-20T03:46:13.746" /><!-- duration: 0ms -->
            <step title="Copying file: &apos;dist\routes\personnelGroups.d.ts&apos;" date="2026-02-20T03:46:13.746" /><!-- duration: 0ms -->
            <step title="Copying file: &apos;dist\routes\personnelGroups.d.ts.map&apos;" date="2026-02-20T03:46:13.762" /><!-- duration: 0ms -->
            <step title="Copying file: &apos;dist\routes\personnelGroups.js&apos;" date="2026-02-20T03:46:13.762" /><!-- duration: 0ms -->
            <step title="Copying file: &apos;dist\routes\personnelGroups.js.map&apos;" date="2026-02-20T03:46:13.777" /><!-- duration: 0ms -->
            <step title="Copying file: &apos;dist\routes\rates.d.ts&apos;" date="2026-02-20T03:46:13.777" /><!-- duration: 0ms -->
            <step title="Copying file: &apos;dist\routes\rates.d.ts.map&apos;" date="2026-02-20T03:46:13.793" /><!-- duration: 0ms -->
            <step title="Copying file: &apos;dist\routes\rates.js&apos;" date="2026-02-20T03:46:13.793" /><!-- duration: 0ms -->
            <step title="Copying file: &apos;dist\routes\rates.js.map&apos;" date="2026-02-20T03:46:13.809" /><!-- duration: 0ms -->
            <step title="Copying file: &apos;dist\services\auth.d.ts&apos;" date="2026-02-20T03:46:13.809" /><!-- duration: 0ms -->
            <step title="Copying file: &apos;dist\services\auth.d.ts.map&apos;" date="2026-02-20T03:46:13.824" /><!-- duration: 0ms -->
            <step title="Copying file: &apos;dist\services\auth.js&apos;" date="2026-02-20T03:46:13.824" /><!-- duration: 0ms -->
            <step title="Copying file: &apos;dist\services\auth.js.map&apos;" date="2026-02-20T03:46:13.840" /><!-- duration: 0ms -->
            <step title="Copying file: &apos;dist\services\calculationEngine.d.ts&apos;" date="2026-02-20T03:46:13.840" /><!-- duration: 0ms -->
            <step title="Copying file: &apos;dist\services\calculationEngine.d.ts.map&apos;" date="2026-02-20T03:46:13.856" /><!-- duration: 0ms -->
            <step title="Copying file: &apos;dist\services\calculationEngine.js&apos;" date="2026-02-20T03:46:13.856" /><!-- duration: 16ms -->
            <step title="Copying file: &apos;dist\services\calculationEngine.js.map&apos;" date="2026-02-20T03:46:13.871" /><!-- duration: 0ms -->
            <step title="Copying file: &apos;node_modules\.package-lock.json&apos;" date="2026-02-20T03:46:13.871" /><!-- duration: 0ms -->
            <step title="Copying file: &apos;node_modules\.cache\prisma\master\605197351a3c8bdd595af2d2a9bc3025bca48ea2\windows\query-engine&apos;" date="2026-02-20T03:46:13.887" /><!-- duration: 0ms -->
            <step title="Copying file: &apos;node_modules\.cache\prisma\master\605197351a3c8bdd595af2d2a9bc3025bca48ea2\windows\query-engine.gz.sha256&apos;" date="2026-02-20T03:46:13.887" /><!-- duration: 16ms -->
            <step title="Copying file: &apos;node_modules\.cache\prisma\master\605197351a3c8bdd595af2d2a9bc3025bca48ea2\windows\query-engine.sha256&apos;" date="2026-02-20T03:46:13.902" /><!-- duration: 0ms -->
            <step title="Copying file: &apos;node_modules\.prisma\client\default.d.ts&apos;" date="2026-02-20T03:46:13.918" /><!-- duration: 0ms -->
            <step title="Copying file: &apos;node_modules\.prisma\client\default.js&apos;" date="2026-02-20T03:46:13.918" /><!-- duration: 0ms -->
            <step title="Copying file: &apos;node_modules\.prisma\client\edge.d.ts&apos;" date="2026-02-20T03:46:13.934" /><!-- duration: 0ms -->
            <step title="Copying file: &apos;node_modules\.prisma\client\edge.js&apos;" date="2026-02-20T03:46:13.934" /><!-- duration: 0ms -->
            <step title="Copying file: &apos;node_modules\.prisma\client\index-browser.js&apos;" date="2026-02-20T03:46:13.949" /><!-- duration: 0ms -->
            <step title="Copying file: &apos;node_modules\.prisma\client\index.d.ts&apos;" date="2026-02-20T03:46:13.949" /><!-- duration: 0ms -->
            <step title="Copying file: &apos;node_modules\.prisma\client\index.js&apos;" date="2026-02-20T03:46:13.965" /><!-- duration: 0ms -->
            <step title="Omitting next output lines..." date="2026-02-20T03:46:13.965" /><!-- duration: 16ms -->
            <step title="Finished successfully." date="2026-02-20T03:46:14.309" /><!-- duration: 0ms -->
          </step><!-- duration: 1172ms -->
          <step title="Build completed succesfully." date="2026-02-20T03:46:14.356" /><!-- duration: 0ms -->
          <step title="Running post deployment command(s)..." date="2026-02-20T03:46:14.387" /><!-- duration: 0ms -->
          <step title="Requesting site restart" date="2026-02-20T03:46:14.418" /><!-- duration: 0ms -->
          <step title="Requesting site restart" date="2026-02-20T03:46:14.434" /><!-- duration: 0ms -->
          <step title="Requesting site restart. Attempt #1" date="2026-02-20T03:46:14.465" /><!-- duration: 16ms -->
          <step title="Requesting site restart. Attempt #1" date="2026-02-20T03:46:14.481" /><!-- duration: 0ms -->
          <step title="Successfully requested a restart. Attempt #1" date="2026-02-20T03:46:14.621" /><!-- duration: 0ms -->
          <step title="Successfully requested a restart. Attempt #1" date="2026-02-20T03:46:14.621" /><!-- duration: 0ms -->
          <step title="Deployment successful. DEPLOYMENTINFO: deploymentPath = OneDeploy, deployer = OneDeploy, os = windows, sku = Free, siteName = chinatracker-api-02192214374, siteHostName = chinatracker-api-02192214374.azurewebsites.net, deploymentStatus = Success" date="2026-02-20T03:46:14.652" /><!-- duration: 0ms -->
        </step><!-- duration: 1891ms -->
      </step><!-- duration: 2094ms -->
      <step title="Cleaning up temp files" date="2026-02-20T03:46:14.762" /><!-- duration: 0ms -->
      <step title="Skip function trigger and logicapp sync because function is not enabled." date="2026-02-20T03:46:14.762" /><!-- duration: 0ms -->
    </step><!-- duration: 6422ms -->
    <step title="LockFile &apos;C:\home\site\locks\deployments.lock&apos; released" date="2026-02-20T03:46:14.793" /><!-- duration: 0ms -->
    <step title="Deleting shutdown sentinel file" date="2026-02-20T03:46:14.793" SemaphoreCount="8" /><!-- duration: 0ms -->
  </step><!-- duration: 59407ms -->
  <step title="Outgoing response" date="2026-02-20T03:46:14.809" type="response" statusCode="200" statusText="OK" Server="Microsoft-IIS/10.0" x-ms-request-id="865bd8c3-0e0e-11f1-b829-b81ea46e5afc" Cache-Control="private" X-AspNet-Version="4.0.30319" /><!-- duration: 0ms -->
</step><!-- duration: 59454ms -->
