<Events><Event><System><Provider Name="W3SVC-WP"/><EventID>2303</EventID><Level>2</Level><Task>0</Task><Keywords>Keywords</Keywords><TimeCreated SystemTime="2026-02-20T03:40:37Z"/><EventRecordID>1271755687</EventRecordID><Channel>Application</Channel><Computer>WEBWK000002</Computer><Security/></System><EventData><Data>chinatracker-api-02192214374</Data><Binary>02000780</Binary></EventData></Event><Event><System><Provider Name="W3SVC-WP"/><EventID>2303</EventID><Level>2</Level><Task>0</Task><Keywords>Keywords</Keywords><TimeCreated SystemTime="2026-02-20T03:40:37Z"/><EventRecordID>1271755687</EventRecordID><Channel>Application</Channel><Computer>WEBWK000002</Computer><Security/></System><EventData><Data>chinatracker-api-02192214374</Data><Binary>02000780</Binary></EventData></Event></Events>